pɹɑ,93
ɹɑd͡ʒ,6
ɑd͡ʒɛ,6
d͡ʒɛk,25
ɛkt,130
ɡʌt,8
ʌtə,12
tən,238
ənb,8
nbɹ̩,8
bɹ̩ɡ,8
ɛbʊ,4
bʊk,37
pɹɛ,153
ɹɛf,28
ɛfə,14
fəs,15
dɪk,58
ɪkʃ,34
kʃə,102
ʃən,657
ənɛ,36
nɛɹ,31
ɛɹi,154
ɪŋɡ,132
ŋɡl,78
ɡlɪ,77
lɪʃ,88
læŋ,106
æŋɡ,128
ŋɡw,116
ɡwə,101
wəd͡ʒ,101
əd͡ʒ
,24
d͡ʒ
b,2

ba,27
baj,365
sæm,12
æmj,10
mju,50
jul,17
d͡ʒɑn,35
ɑns,90
nsə,108
sən,160
ən
,152
n
#,1
awɹ̩,161
sɪɹ,23
ɪɹi,45
ɹiz,69
n

,96


k,18

kɑ,31
kɑp,15
ɑpi,15
piɹ,6
iɹa,2
ɹaj,250
ajt,241
lɔz,15
t͡ʃej,49
ejn,262
jnd͡ʒ,62
nd͡ʒɪ,6
d͡ʒɪŋ,17
owv,32
wvɹ̩,19
wɹ̩l,25
ɹ̩ld,24
ʃʊɹ,6
t͡ʃɛk,3
ðə
,134
ə
k,9
fɔɹ,553
jɔɹ,11
kʌn,10
ʌnt,15
ntɹ,55
tɹi,60
bɪf,58
ɪfɔ,61
daw,27
awn,325
wnl,70
nlo,2
low,123
owd,49
wdɪ,4
dɪŋ,91
ɹid,27
idɪ,12
dɪs,170
ɪst,164
stɹ,205
tɹɪ,36
ɹɪb,6
ɪbj,4
bju,23
jut,84
utɪ,10
tɪŋ,128
ɪŋ
,71
ŋ
ð,8

ðɪ,12
ðɪs,125
ɛni,146
ʌðɹ̩,162
ʊk
,5
k

,8


ð,113
hɛd,16
ɛdɹ̩,3
ʃʊd,48
fɹ̩s,33
ɹ̩st,54
θɪŋ,88
sin,11
wɛn,117
vju,16
juɪ,3
uɪŋ,8
kt
,14
t
ɡ,3

ɡʌ,1
faj,111
ajl,79
pli,35
liz,24
nɑt,234
ɹim,24
imu,2
muv,6
ɛdə,24
dət,17
ə
h,6

hɛ,1
wɪθ,74
ɪθa,68
θaw,91
awt,145
ɹɪt,82
ɪtə,101
pɹ̩m,7
ɹ̩mɪ,6
mɪʃ,14
ɪʃə,92


p,40

pl,14
ɹɛd,67
liɡ,4
iɡə,4
ɡəl,59
smɔ,9
mɔl,11
pɹɪ,101
ɹɪn,32
ɪnt,165
ænd,1113
ɪnf,43
nfɹ̩,8
fɹ̩m,12
ɹ̩me,8
mej,220
ejʃ,365
jʃə,365
əba,10
baw,32
ə
ɛ,7

ɛb,1
bɑt,3
ɑtə,16
təm,73
ɪnk,46
nkl,17
klu,14
lud,14
udə,11
dəd,87
ɪz
,63
z
ɪ,14

ɪm,20
ɪmp,118
mpɔ,20
pɔɹ,41
ɔɹt,88
ɹtə,41
ənt,489
spə,11
pəs,19
əsɪ,18
sɪf,5
ɪfɪ,10
fɪk,41
jts,32
ɹis,31
ist,32
ɹɪk,42
ənz,266
ɪn
,65
n
h,4

ha,17
haw,65
juz,82
uzd,63
kæn,114
ɔls,13
lso,10
sow,109
ajn,190
jnd,140
ejk,117
ə
d,10

do,2
dow,29
own,159
wne,1
nej,187
ɡɛt,9
ɪnv,24
nvɑ,2
vɑl,15
ɑlv,7
lvd,6
vd
,19
d

,71



,55


*,1

**,1
**w,1
*wɛ,1
wɛl,46
ɛlk,1
lkə,3
kəm,98
fɹi,49
ple,64
lej,196
vən,56
ənɪ,26
nɪl,1
ɪlə,136
ɪlɛ,4
lɛk,89
ktɹ,5
tɹɑ,9
ɹɑn,10
ɑnɪ,18
nɪk,28
tɛk,12
ɛks,90
kst,60
sts,18
ts*,1
s**,1
**
,1
*
p,1

pɹ,54
d͡ʒ

,16


b,17


ɪ,66

ɪt,33
fej,59
ejt,316
ðow,111
owz,155
toj,30
ojl,22
owɹ̩,5
ɛmp,54
mpl,71
plo,13
loj,14
ojm,4
jmə,12
mən,295
nts,70
laj,347
ajf,53
jf
,11
f
t,2

tə,69
ɹæð,18
æðɹ̩,21
dɹɪ,12
ɹɪv,19
ɪvə,34
fɪɹ,23
ivə,21
vəl,40
ðæn,70
ətɹ,26
tɹæ,81
ɹæk,54
ækt,76
ktə,74
təd,202
ə
p,21
ɹɑs,11
ɑsp,8
spɛ,72
pɛk,28
ɡʊd,30
ɪks,208
ksp,114
spo,20
pow,91
wzd,12
sɛn,111
ɛnʃ,35
nʃɹ̩,6
how,67
owp,60
pɹe,27
ɹej,255
ejz,119
jz
,40
z
t,18
ɪsɡ,5
sɡɹ,3
ɡɹe,83
ejs,110
jst,30
mɪs,41
ɪsk,47
skɛ,23
kɛɹ,58
ɛɹə,95
ɹəd͡ʒ,7
pʌn,3
ʌnɪ,4
nɪʃ,20
ɪʃt,20
nəɡ,17
əɡl,17
ɡlɛ,17
wɛɹ,68
ɛɹ
,23
ɹ
s,7

sə,13
sək,25
əks,17
ksɛ,83
sɛs,27
wʊd,51
hæv,325
bɪn,81
əpl,41
plɔ,7
dɪl,34
ləd͡ʒ,72
əd͡ʒə,54
d͡ʒən,77
əns,297
wt
,14
t
ɹ,6

ɹɪ,20
ɹɪw,3
ɪwɔ,3
wɔɹ,33
ɔɹd,67
ɹd
,16


ə,28

əm,3
əmʌ,18
mʌŋ,19
ðiz,73
ənh,4
nhæ,2
hæp,72
æpi,18
mɔɹ,132
təl,109
əlz,123
jtɹ̩,56
hum,19
um
,5
m
m,1

mæ,10
mæn,85
ænk,13
nka,12
kaj,41
kən,241
nsɪ,78
sɪd,47
ɪdɹ̩,36
dɹ̩d,29
pju,5
jup,1
upə,1
pəl,104
bʌt,224
sle,10
ejv,40
saj,73
ajə,86
jən,70
ns
,44
s
ð,16

ðə,160
paj,20
əni,12
niɹ̩,1
lɪt,52
ɪtɹ̩,32
tɹ̩ə,64
ɹ̩ət͡ʃ,6
ət͡ʃɹ̩,6
dum,5
umd,2
nli,110
ɹʌb,5
ʌbɪ,1
bɪʃ,8
klɪ,20
lɪɹ,12
ɪɹ
,16
ɹ
ɑ,4

ɑb,6
ɑbs,14
bst,35
tɹʌ,33
ɹʌk,15
ʌkʃ,12
fɹʌ,310
ɹʌm,316
pæð,2
æðz,3
θɹu,10
wɪt͡ʃ,268
lɹ̩n,32
ɹ̩nɪ,29
nɪŋ,77
d͡ʒin,14
inj,25
njə,58
jəs,16
ɹɛs,93
ɛs
,14
s
f,4

fɔ,34
ɔɹw,5
ɹwɹ̩,5
wɹ̩d,247
kɑŋ,4
ɑŋk,4
ŋkw,2
kwɛ,20
wɛs,21
ɛst,109
ɡlɔ,5
lɔɹ,24
ɔɹi,33
bɪs,13
sto,17
tow,33
owɪ,32
wɪŋ,35
sma,8
maj,189

hʌ,1
hʌm,4
ʌmb,35
mbə,39
bəl,289
dɹʌ,4
ɹʌd͡ʒ,3
ðæt,347
sɪl,97
lət,47
əte,15
tej,206
ðɛɹ,248
ɹɑɡ,6
ɑɡɹ,40
ɡɹɛ,6
ɛvɹ̩,162
vɹ̩i,60
ɔθa,17
awɹ,28
wɹ
,2
ɹ
m,6

me,6
əsp,9
spa,12
ajɹ,31
ksɪ,20
sɪk,38
ɪkɑ,12
kɑɡ,11
ɡɹə,42
ɹəf,65
əfɹ̩,26
ske,15
kej,145
ejp,33
jp
,3
p
ɹ,1

ɹi,8
ɹip,19
ipɹ,12
pɹo,61
ɹow,204
owt͡ʃ,12
nɛɡ,16
ɛɡə,6
ɡət,8
ətɪ,118
tɪv,222
ɹɛk,19
ɛkə,25
əmp,70
mpɛ,33
pɛn,40
ɛns,95
hæz,113
jɛt,50
ɡɹæ,61
ɹæn,51
ænt,55
ntə,80
əd
,26
d
t,15
vɛɹ,76
fju,65
ju
,19
u

,21


a,18

aj,26
ɑtw,2
twɪ,12
ɪθs,3
θst,3
stæ,78
tæn,53
ndɪ,77
skɹ̩,5
kɹ̩ɪ,4
ɹ̩ɪd͡ʒ,32
ɪd͡ʒm,2
d͡ʒmə,11
ətɛ,37
tɛm,29
mpt,25
ptə,13
ɹi
,24
i
ʌ,8

ʌv,70
waj,167
wɑz,88
ojd,13

kʌ,5
kʌl,17
ʌlt,32
ltɪ,9
ɪve,13
vej,90
spi,45
piʃ,8
iʃi,7
ʃiz,4
ɪts,85
tsɛ,12
sɛl,93
ɛlf,49
hɪð,7
ɪðɹ̩,10
ðɹ̩t,7
ɹ̩tu,9
tu
,16
u
n,2

nə,3
sʌf,16
ʌfɹ̩,12
fɹ̩d,24
spɹ,84
ʌnd,63
ndɹ̩,78
dɹ̩ɛ,7
ɹ̩ɛk,9
ɛkʃ,24
t͡ʃæn,10
æns,68
ntu,65
u
w,3

wa,11
jld,17
ɪɡz,67
ɡzu,4
zub,4
ubɹ̩,4
bɹ̩ə,9
ɹ̩ən,77
ɹɪz,28
ɪza,21
zaj,21
tɪɹ,10
ɪɹə,13
ɹən,93
taj,159
ajm,132
fæʃ,4
æʃə,15
nd
,159
d
ɪ,19

ɪk,16
kɹ̩ʌ,10
ɹ̩ʌp,13
ʌpʃ,5
pʃə,15
ɪɡn,71
ɡnɹ̩,15
nɹ̩ə,52
kæp,6
æpɹ,1
ɹɪs,52
ɪsə,62
səz,55
ɪnə,32
nəv,37
əve,24


w,32

wɛ,29
tʊk,5
sɹ̩v,9
ɹ̩ve,13
dɹ̩t,5
ɹ̩te,11
jkɪ,16
kɪŋ,39
faw,52
wnd,225
pit͡ʃ,20
it͡ʃ
,6
t͡ʃ
k,1

ko,5
kow,45
wpi,5
piə,8
iəs,65
ɹdɹ̩,13
ɛnɹ̩,47
nɹ̩d͡ʒ,2
ɹ̩d͡ʒɛ,1
d͡ʒɛt,4
ɛtɪ,5
tɪk,64
ɹul,26
ulz,19
ɛɹɛ,2
ɹɛv,15
vɹ̩
,13
ɹ̩
a,3
tɹ̩n,33
ɹ̩nd,18
pɹ̩p,21
ɹ̩pl,13
plɛ,34
ksə,45
sət,52
əti,193
ntæ,13
tæŋ,9
ŋɡə,46
əld,24
d
k,8

kə,27
ənf,27
nfj,8
juʒ,11
uʒə,15
ʒən,30
ɹɛɡ,30
ɛɡj,29
ɡjə,43
jəl,102
əle,27
jtə,76
t͡ʃoj,7
ojs,20
ejd,74
ndl,4
dlə,4
ləs,80
əs
,46
s
v,2

vɹ̩,13
vɹ̩a,6
ɹ̩aj,62
jət,36
tæb,7
æbl,6
blɪ,20
ɪns,78
səp,71
əpə,38
səl,59
əlɛ,62
ədʌ,6
dʌl,9
ltɹ̩,14
tɹ̩e,11
ɹ̩ej,51
nz
,46
z
w,16

wɹ̩,22
dɪt,24
ɪtɛ,5
sɛt,22
ɛtə,37
tɛs,13
pjʊ,8
jʊɹ,52
ʊɹə,37
ɹət,119
mow,136
wdz,9
dz
,30
z
ʌ,14
ɹɛʃ,22
ɛʃə,20
ɹɪd͡ʒ,15
ɪd͡ʒɛ,9
ktɪ,84
tɪd,87
ɹəs,62
əsi,35
siv,32
ivd,21
ʌfɹ,4
fɹɪ,11
ɪd͡ʒɪ,8
d͡ʒɪz,11
ʌv
,85
v
ɛ,6

ɛn,22
tɹ̩z,114
klæ,13
læs,51
æsɪ,23
ɪkə,59
kəl,129
ɹɛp,23
ɛpj,4
pjə,9
ækn,7
knɑ,5
nɑl,21
ɑlɪ,15
lɪd͡ʒ,16
ɪd͡ʒd,3
əθɔ,14
θɔɹ,16
ɔɹə,49
ti
,43
i

,86


h,6

hæ,18
ævɪ,19
vɪŋ,40
ɛɹf,51
ɹfɔ,44
now,218
sɪs,31
stə,102
d͡ʒɛn,62
ɹ̩əl,59
ɹæm,54
æmɹ̩,17
pla,70
ajd,155
jd
,32
d
m,6

ma,13
ajs,41
jsɛ,14
pɹ̩u,3
ɹ̩uz,1
uzə,6
zəl,25
owt,114
wtɪ,16
wʌt,65
ʌtɛ,9
tɛv,9
bi
,32
jus,77
æsɹ̩,5
sɹ̩t,44
əst,81
tɹe,47
fɹe,23
əkj,23
kju,39
jum,35
umj,6
mjə,7

ɪn,97
mət,43
ɹiə,79
iəl,22
dɪɡ,25
ɪɡɹ,19
ɡɹi,65
ɹəd,30
ədu,17
dus,32
ust,18
st
,71
t
t,9
mɛθ,2
ɛθə,2
θəd,2
ɪʃɪ,22
ʃɪŋ,6
wɹ̩k,32
ɹ̩k
,3
k
s,2

sʌ,30
sʌt͡ʃ,71
spɪ,33
pɪɹ,43
iən,48
ənæ,15
næl,12
ælə,45
əd͡ʒi,33
səɡ,3
əɡd͡ʒ,2
ɡd͡ʒɛ,2
d͡ʒɛs,7
s
w,10

wɪ,61
pɹæ,18
təs,62
ɑbz,10
bzɹ̩,32
zɹ̩v,45
ntɪ,84
tɪn,25
ɪnj,31
nju,26
juə,11
uəl,15
əli,91
nkɹ,12
kɹi,23
isɪ,7
sɪŋ,98
d
ə,15

ən,18
sʌm,127
ɹ̩dz,186
əbs,28
bsk,21
skj,24
kjʊ,34
ɛvə,30
vəd,4
ədə,20
dən,98
ðɹ̩z,33
ɹ̩z
,46
z

,112
əd͡ʒʌ,4
d͡ʒʌs,17
ʌst,91
stɪ,103
ɔɹθ,35
ɹθɑ,22
θɑɡ,21
əfi,29
nsɛ,11
ld
,19
d
æ,19

æn,120
ɹtu,2
tuɪ,3
uɪt,3
nɛs,25
ɛsə,46
səs,39
əsɛ,27
sɛɹ,20
ɡwɪ,15
wɪʃ,40
ɪɹɛ,14
lɛɹ,14
tiz,41
iz
,27
z
ð,15

ðæ,37
ɪnh,2
nhɪ,1
hɪɹ,37
tʌŋ,25
pɹ̩h,40
ɹ̩hæ,40
æps,40
owə,44
wəv,1
əvə,5
wɪð,242
ʌm
,30
m
ʌ,4

ʌð,10
ɛɡl,11
ɡlə,12
æz
,60
z
p,12
pɹə,157
ənɑ,8
nɑm,23
ɑmə,76
məl,21
nkə,12
ənv,26
nvi,19
vin,18
nt
,64
t
æ,15
ðɛm,81
ɛms,9
msɛ,25
ɛlv,21
lvz,17
wʌn,97
ʌns,35
ənn,11
nnɛ,4
mʌs,45
tɑl,3
ɑlɹ̩,10
lɹ̩e,6
ə
ɪ,8
mpɹ̩,18
pɹ̩f,33
ɹ̩fɛ,5
fɛk,23
hju,25
umə,17
ɪŋz,62
ɹik,83
ikw,63
kwa,71
ajɹ̩,57
ɹɛd͡ʒ,7
ɛd͡ʒə,5
d͡ʒəs,13
stɹ̩,82
tɹ̩d,19
ɹ̩d
,19
d
ð,22
ðej,152
ɑt
,21
t
b,13

bi,17
nfa,12
dɪd,56
ajk,129
jkw,29
ajz,132
mpɹ,35
ɹəp,26
əpɹ,38
pɹa,62

əb,20
bsɹ̩,4
sɹ̩d,4
ɹ̩də,6
dut,2
uti,15
kɹ̩ɛ,2
t
ɔ,7

ɔɹ,22
ows,148
wsk,1
skɹ,39
kɹa,31
ajb,24
jb
,4
b

,6


æ,20

æz,20
bɪɡ,35
ɪɡɪ,25
ɡɪn,25
ɪnɪ,25
mɪɹ,8
ɪɹl,12
ɹli,33
ɹəl,59
i
ɔ,7
kɑm,104
owk,46
wkə,19
ej
,57
j
w,7
nfɪ,2
vɪz,6
ɪzə,17
zəb,11
əbə,170
jnz,34
jt
,49
t
d,10

dɪ,41
dɪv,21
ɪvɹ̩,13
vɹ̩s,56
ɹ̩sə,61
naw,103
əbz,23
ænɑ,26
kæt͡ʃ,5
saw,140
ndz,72
ɹ̩fɪ,5
ɪkt,35
ktl,7
tli,90
ʌtɹ̩,22
ɪd͡ʒə,42
ntl,48
bɑɹ,24
ɑɹb,13
ɹbɹ̩,4
ɹ̩əs,17
s
d͡ʒ,2

d͡ʒɑ,6
d͡ʒɑɹ,7
ɑɹɡ,11
ɹɡə,8
ɡən,27
ælf,7
lfə,16
fəb,7
əbɛ,6
bɛt,23
ɛnm,1
nmə,9
ɛnd,153
ndɛ,27
dɛv,17
vɹ̩d,19
kʊd,27
əkʌ,2
kʌs,9
əmd,2
tə
,66
əna,19
wns,21
viʃ,3
ʃie,5
iej,75
jtɪ,72
wɹ̩
,23
ɹ̩
ɔ,1

ɔl,15
ɔlɹ,11
lɹɛ,11
ɛdi,18
paw,59
wɹ̩z,36
lɛt,73
ɛtɹ̩,63
ejɡ,9
dɪf,103
ɪfɹ̩,45
fɹ̩ə,39
hæn,14
ɡzɪ,17
zɪb,9
ɪbɪ,6
bɪt,29
sej,132
ejm,151
aj
,61
j
d,4
ɑmb,20
bən,22
əne,96


f,14

fɹ,39
nsɹ̩,38
ɹ̩tə,41
ənʌ,52
nʌn,29
nsi,54
sie,23
pɑɹ,104
ɑɹt,138
s
d,1

da,4
daj,41
kts,27
wɪl,124
ɔlw,59
lwe,59
wej,126
ɹ̩vd,19
ə
ɡ,8

ɡɹ,20
ɡɹo,25
juɹ̩,1
lɛs,54
ʊks,20
mʌl,14
ltə,26
təp,12
m
ð,5
ɹbə,4
bət,17
tɹɛ,43
ɹɛɹ,30
ɛpɹ,6
ɹəz,13
əzɛ,15
zɛn,5
ɛnt,137
nte,13
wsi,8
sid,23
idz,6
æt
,18
pɛl,14
ɛlɪ,8
lɪŋ,47
ɹ̩və,8
vəb,4
sæk,17
æks,68
ɹɪm,72
ɪme,13
əpo,15
wz
,26
sɪz,31
tɹo,22
ɹoj,8
ojz,18
z
ə,10
usɪ,4
ələ,44
ɔɹm,139
ɹme,5
biɪ,36
iɪŋ,40
s
ɪ,16
nkɔ,5
kɔɹ,47
ɔɹp,5
ɹpɹ̩,6
pɹ̩e,14
nɛv,34
æft,32
ftɹ̩,36
tɹ̩w,4
ɹ̩wɹ̩,2
ɪsm,3
smɪ,14
ɹɪf,9
ɹmd,41
md
,4


ʌ,28
dɹ̩ɪ,25
ɹ̩ɪv,18
vət,31
ɪvz,91
lɛŋ,13
ɛŋk,16
ŋkθ,17
lɔŋ,52
ɹɛŋ,10
m
s,4

st,16
tɹɔ,19
ɹɔŋ,28
dɑɹ,14
ɑɹl,13
ɹlɪ,4
dɪɹ,13
bɹɛ,24
ɛdθ,2
bɹɔ,17
ɹɔd,7
dɹa,17
ɹaw,35
haj,29
mɪl,21
ɪlt,15
zil,3
ts
,28
s
h,10
ajθ,3
jθh,3
kwɪ,33
wɪd,8
ɡzɛ,9
zɛm,15
d͡ʒuv,5
uvə,6
pɪn,18
ɪni,11
niz,8
plɹ̩,32
lɹ̩ə,2
ɹ̩əb,13
əbɪ,8
unə,42
hɔɹ,18

ɪp,1
ɪpɪ,10
pɪs,9
mʌt͡ʃ,38
ə
t͡ʃ,2

t͡ʃe,7
nʌθ,8
ʌθɪ,8
ŋ

,19
nti,24
wst,85
kwə,67
wən,41
vaw,52
awə,49
wəl,81
ow
,56
w
k,2
kəp,11
ɹɪʃ,7
ʃɪs,1
ɪsl,5
sli,36
nst,71
ɪfɹ,8
fɹə,3
mɑd,22
ɑdə,13
dəf,5
əfa,43
səd,20
æfɛ,4
kte,8
ɹɑv,2
ɑvə,5
maw,14
awθ,7
wθ
,3
θ
ð,1
əmɑ,21
mɑl,19
ɑlə,62
əd͡ʒɪ,3
d͡ʒɪs,7
ɹəɡ,17
əɡɑ,11
ɡɑɹ,24
ɑɹd,53
ʃun,3
ɪdʌ,3
dʌk,8
nʌð,31
ðɹ̩
,20
ɹ̩

,50


s,40
dif,4
ifɛ,4
ɛɹɔ,4
ɹɔɹ̩,3
ɔɹ̩z,4
spɑ,13
pɑt,2
ɑts,2
ɹbɹ,4
bɹə,7
i
ɪ,14
dip,6
kɹɪ,31
ɪtɪ,32
tɪs,50
ɪsɪ,51
zəm,7
æn
,25
n
n,6

nɛ,8
wɑʃ,2
əwe,15
mɪt,54
jn
,52
n
ə,7
ntʌ,2
tʌt͡ʃ,5
ʌt͡ʃt,1
mɛn,107
ɔlt,26
dɪp,20
ɪpɹ,10
jvd,40
vʌl,6
ʌlɡ,5
lɡɹ̩,5
n
w,13

wi,9
wik,10
ikl,3
kli,23
fɑl,32
ɑlo,32
tɪl,54
əsl,15
n
æ,14
skɪ,25
kɪl,19
ɹɑp,48
ɑpɹ̩,47
pɹ̩
,3
ɹ̩
t,12
ɛnk,14
nkw,18
tɹu,27
ɪpɛ,9
dɛɹ,10
ɹəv,13
ɛm
,16
m
t,3
ənə,121
nəl,74
d͡ʒəz,42
ðʌs,52
ɛnt͡ʃ,64
nt͡ʃə,30
t͡ʃən,48
nt͡ʃæ,3
ntm,4
tmə,8
t
ɛ,2
ntɹ̩,40
fɹɛ,56
ɹɛn,57
nkæ,4
læt,62
ætə,70
ʌs
,13
nta,8
t͡ʃow,9
wzə,10
zən,86
bɪk,51
ɪkɔ,38
kɔz,36
pæs,48
æst,103
t
f,14
təɡ,7
əɡɹ̩,3
tiɹ̩,5
iɹ̩
,1
ɪfə,48
fək,59
əkə,60
əlt,25
wɛð,26
ɛðɹ̩,32
ɪmi,14
mid,14
idi,22
diə,61
iət,22
ətl,19
li
,45
i
ɹ,5

ɹə,6
sɪn,27
wi
,6
i
h,3
hæd,73
dɑm,5
ɑmi,8
min,35
fɹæ,9
vəs,5
t͡ʃɹ̩t͡ʃ,4
ɹ̩t͡ʃə,4
t͡ʃəz,5
ɪt
,22
t
ɪ,18

ɪz,16
awɛ,21
wɛv,29
əpɪ,32
ɔɹ
,75
ɹ
w,5
tɹ̩m,82
ɹ̩mz,17
dəm,52
əmɛ,13
mɛs,7
ɪt͡ʃ
,17
t͡ʃ
ɑ,2

ɑɹ,23
ɪmo,10


i,9

iv,3
əpɛ,16
pɛɹ,62
n
ɔ,6

ɔf,3
ɔfə,52
fən,71
əbl,38
bla,6
ajd͡ʒ,3
jd͡ʒd,5
ækɹ,2
kɹə,6
jun,46
nəf,32
əfɔ,36
ɹmə,16
n
k,7
nʌm,21
mbɹ̩,33
bɹ̩l,1
ɹ̩lə,7
məd͡ʒ,5
əd͡ʒɔ,1
d͡ʒɔɹ,1
nve,10
dəs,15
sit,8
it
,13
ɪsi,8
fæn,12
səm,100
əmt,72
mta,72
jmz,101
z
f,18
ɪmə,43
spl,35
plə,38
lən,59
ɹɪp,24
ɪpi,9
pit,9
ɛpə,10
pət,19
tɪʃ,13
zd
,9
ɪnd,90
skʌ,12
kʌv,9
ʌvɹ̩,16
vɹ̩ə,9
izə,44
n
t͡ʃ,1

t͡ʃo,1
d͡ʒuə,4
j
h,6
twa,6
sɹ̩t͡ʃ,11
dɹ̩
,6
ɹ̩
i,1

ið,2
iðɹ̩,26
ɡzæ,42
zæm,34
æmɪ,3
mɪn,21
wtf,5
tfə,13
fəl,99
v
s,5

sp,10
ɡɪv,34
n
ɹ,6

ɹæ,11
ɹæʃ,6
æʃl,1
ʃli,10
ɛfɹ̩,10
lɛf,10
ɛft,10
æmp,33
mpə,59
ɹ̩i
,12

ɔθ,3
hɪz,155
ʌnm,1
idɹ̩,12
bæl,6
s
s,5
d͡ʒʌd͡ʒ,9
ɪtw,10
twi,10
win,13
ɛst͡ʃ,6
st͡ʃə,14
ɹ̩mə,75
ənd,82
ɪpj,1
ɹil,23
ntɛ,27
tɛn,81
t
ə,8

əp,12
əpɑ,33
pɑn,36
θɔt,22
z
s,15
jnt͡ʃ,22
ʌŋz,10
t͡ʃ
a,2

aw,14
ənl,50
sɔt,9
hæm,4
æmə,18
fɛs,9
səb,28
bln,2
lnə,15
nəs,135
fiz,1
ɪmæ,11
mæd͡ʒ,20
æd͡ʒə,52
dɹ̩a,43
ajv,97
i
f,3
ndə,93
jnə,11
ləb,94
ɹ̩
l,2

læ,4
ɹɛz,46
ɛzə,47
tɹ̩
,27
pɹi,32
wɔn,2
ɔnt,5
nto,1
t
k,9
kɑn,119
ɑnt,64
væn,35
ænə,31
nət,59
pɛt,5
ɛti,8
æv
,35
skɑ,14
kɑl,19
lɹ̩z,8
ɪkw,12
wət,31
i
æ,13
æmɑ,15
mɑɹ,56
ɑɹi,18
v
ə,7

ət,4
ɹ̩
p,3

pɑ,8
ɑdɹ̩,15
dɹ̩n,16
j
b,8
əla,19
law,28
awd,23
huz,30
ɔts,10
ps
,2
s
ɛ,3

ɛm,9
æŋk,16
ŋkʃ,14
ʃəs,29
vɹ̩b,67
ɹ̩bə,6
ŋɡj,13
tɹ̩b,2
ɹ̩b
,8
b
ə,2
ɛɹo,17
ɪnu,11
nut,15
v
ð,10

ðɛ,36
fɑð,7
ɑðɹ̩,7
əsɹ̩,3
wn
,10
n
ɪ,12
sɛz,6
hʊk,6
ʊkɹ̩,6
z
n,10

nɑ,25
wɹ̩s,8
təb,23
bɪl,24
ɪlɪ,29
ɪti,31
ædv,20
dvæ,13
tɪd͡ʒ,8
t͡ʃ
w,3
ɹ̩bæ,1
pɹu,19
ɹuv,11
uvm,5
vmə,5
ɹæd͡ʒ,8
æd͡ʒu,3
n
m,5

mʌ,9
ɹie,12
ɹ
p,4
jks,24
nd͡ʒə,17
əɡɛ,24
ɡɛn,24
nd͡ʒd,14
ɹ̩vɪ,3
m

,37
əmə,41
nde,6
dej,60
stɛ,34
tɛd,10
din,3
inɪ,18
nɪs,6
id
,3
d
f,21
pɹ̩t,19
ɹ̩tɪ,20
ɪkj,30
kjə,31
əlɹ̩,63
ʌt͡ʃ
,6
t͡ʃ
ɪ,2
nfl,12
flu,8
luə,6
uən,5
pin,16
inə,31
ɹuθ,12
ɛsf,3
sfə,18
i
t,5

tɔ,2
tɔt,5
wni,13
niə,20
w
l,1

lɔ,6
lɔs,15
ɔst,19
fɹ̩ɡ,11
ɹ̩ɡɛ,4
dɔt,4
ɔtɹ̩,11
sʌn,9
ʌnz,9
hɛv,4
i
ð,4
tɹə,43
ɹəm,20
jdi,29
iəz,13
æpt,5
dək,33
əke,76
nən,65
dɪn,23
ɪno,16
t

,82
əlɪ,35
owl,105
wli,17
ɑn
,9
n
ð,21
ɛlə,31
ləv,2
t
ð,21
kwo,14
wow,29
wtə,32
əl
,99
l
f,6
ɑɹk,56
ɹkt,4
ðɛn,14

ʌn,6
dɹ̩s,14
stʊ,9
tʊd,9
ʃɔɹ,30
mz
,16
z
o,2

ow,19
owm,44
wmɪ,17
ksk,10
sup,12
upɹ̩,14
ɹ̩fl,5
uət,5
nvɛ,8
vɛs,5
əɡe,5
ɡej,52
bow,32
owθ,25
sɪɡ,48
ɡnɪ,28
nɪf,28
v
w,5
ɪva,11
vaj,29
jdə,28
ɪmɪ,26
vz
,19
fɹ̩ð,4
ɹ̩ðɹ̩,4
ni
,17

ɪŋ,8
ɹut,15
sɹ̩k,14
ɹ̩kə,12
əms,9
msp,1
əmv,1
mvɛ,1
vɛn,24
mst,7
ɪlu,4
ud
,12
ɑnk,3
nke,3
ɑmp,32
lək,22
mpa,27
s
p,2
i
w,8
sɪm,28
plɪ,13
lɪs,48

æk,8
ækj,9
kjɹ̩,9
jɹ̩ə,9
nid,5
idl,2
imo,4
wtn,1
tnə,17
s
k,4
kʌm,52
ʌmz,13
lʌv,95
ʌvl,4
vli,8
ənk,16
kæv,6
ævə,12
d
d,5
dɪm,9
ɪmɑ,16
mɑn,23
dɛm,11
ɛmə,16
əmæ,6
mæt,14
tək,23
ski,10
kim,9
fæb,2
æbɹ,2
bɹɪ,20
js
,21

wʌ,8
ʒəw,10
əwə,18
flɛ,16
əzɹ̩,8
ætɪ,10
ɹ̩ks,10
ks
,21

ðo,11
pən,32
ɹfə,10
sɹ̩ɹ,3
ɹ̩ɹt,3
lut͡ʃ,2
ut͡ʃɪ,2
t͡ʃɪd,7
ɪde,3
plʊ,28
lʊɹ̩,5
ʊɹ̩ə,5
wnz,35
ətɹ̩,64
tɹ̩a,1
ɹ̩bz,38
oju,18
utɑ,15
tɑn,16
fəm,8
əmɪ,12
ɪlj,18
ljɹ̩,11
ə
ð,2
tɹ̩ʌ,3
ʌpt,9
ɪmb,8
mbɛ,3
bɛɹ,22
ɹ̩nɹ̩,2
nɹ̩z,14
ɑɹ
,29
ɹ
ð,12
wmə,13
ɹih,6
ihɛ,5
hɛn,10
nt͡ʃ
,7
t͡ʃ
æ,2
əvɪ,6
vɪn,6
ɪnʃ,1
nʃə,34
ʃəl,10
n
d͡ʒ,4

d͡ʒɹ̩,2
d͡ʒɹ̩m,10
kɪn,22
ndɹ,17
ɹɪd,16
pɑl,11
ɑli,13
izɪ,6
zɪl,6
lz
,22
z
ɑ,8
ɪk
,14
əsa,9
jnɪ,12
æpə,17
ɑɹo,22
wd
,7
ɹ̩ɪŋ,24

ɪl,4
ə
ə,8
t͡ʃ
ɛ,1

ɛl,8
ləɡ,20
əɡə,20
bsə,12
lit,23
d͡ʒiz,3
dɛt,9
d͡ʒun,10
uni,7
niɪ,9
iɪs,10
ɪs
,20
s
æ,12
ɪnɹ̩,8
ɔɹb,10
ɹbɔ,1
bɔɹ,11
ɔɹn,37
j
k,3
pid,8
wpɹ,2
ejb,54
jbɹ̩,12
bɹ̩z,16
ɹ
j,3

ju,15
usɹ̩,2
sɹ̩p,8
ɑnɹ̩,13
ɹ̩pɛ,2
pɛt͡ʃ,4
ɛt͡ʃu,2
t͡ʃuə,10
n
b,6

bʌ,24
ʌkt,4
ktɹ̩,22
bɛn,8
ɛnə,25
əfæ,3
fæk,9
s
ə,5
ɪɹz,22
ɛld,28

ɹɛ,15
tɪt,2
ɪtu,5
tud,21
ɹ̩ət,55
ɪld,9
ɔl
,17
l
ð,5
nɔɹ,60
ɔɹð,7
ɹðɹ̩,7
ðɹ̩n,9
ɹɑb,12
ɑbə,12
bəb,10
bli,40
d
ɹ,11
ejʒ,7
jʒə,7
nsp,9
z
b,12
ʃow,16
w
h,3

hɪ,24
hɪm,48
div,5
ivi,8
vie,8
ɹ̩pə,8
t͡ʃ
s,1

sk,8
ɹtɪ,49
nɹ̩
,5
ɹ̩
ɪ,5
ɪdɪ,2
fʊl,17
v
n,5
ʌd͡ʒm,6
ŋ
ɪ,7
vow,19
wtɛ,2
tɛɹ,20
zəz,19
ɡne,3
d
b,15
ɪsæ,2
sæd,1
ejd͡ʒ,48
jd͡ʒə,10
əsə,28
jnm,6

sɛ,13
nsɔ,1
sɔɹ,14
əsn,7
snə,8
t͡ʃɑɹ,14
ɑɹd͡ʒ,14
wɑn,26
t
h,11

hu,12
dɹi,9
dɹɑ,6
ɹɑm,13
mə
,2
ə
æ,2
ɪkl,15
klɛ,7
ɛɹz,20
ɪfa,4
ejl,48
ɑno,12
l
ɔ,2
sɑl,13
dɹ̩z,14
ɹif,8
næt͡ʃ,20
æt͡ʃɹ̩,17
t͡ʃɹ̩ə,13
ʌvz,4
əlo,8
n
f,7

fʊ,15
fʊt,17
ʊtn,14
tno,14
v
d͡ʒ,4

d͡ʒu,3
əbd͡ʒ,7
bd͡ʒo,4
d͡ʒoj,35
ojn,26
pɛs,6
ɑlɑ,2
lɑd͡ʒ,5
ɑd͡ʒɪ,6
d͡ʒɪk,13
l
ɪ,5
ɹæv,5
vəɡ,5
s

,71

bæ,2
bæn,13
ænɪ,9
ɹɪl,16
lɪɡ,2
ɪɡɛ,7
ɡɛɹ,3
æno,1
vɛl,8
ətɔ,5
tɔɹ,29
ɹio,4
iow,28
ksa,5
ajɡ,7
jɡɹ,4
ɛɡz,11
ɡzə,3
liə,9
iəm,14
əm
,17
m
e,1

ej,10
nɪɹ̩,1
nda,5
dəd͡ʒ,2
əd͡ʒɛ,5
d͡ʒɛɹ,2
ejt͡ʃ,76
dɪɹ̩,1

æɛ,1
æɛv,1
ɛvi,2
mɛd,4
ɪpt,5
ptɔ,1
tɔɹ̩,2
æna,1
naj,30
jsɪ,5
sɪb,3
ɪbɑ,3
bɑn,6
ɛlm,4
ɑnə,11
nəm,22
ænl,1
juɡ,2
uɡə,2
ɹid͡ʒ,3
id͡ʒə,5
bəm,2
əmk,2
lɪm,9
ɪma,2
ɹdu,2
duɪ,3
uɪz,2
lɛɹ̩,2
ɛɹ̩ə,2
ɹ̩əm,2
mk
,1
k
m,1

mɑ,8
bəs,6
ælt,3
lum,5
umɪ,2
nəb,5
ɔŋɡ,8
ŋɡɪ,1
ɡɪs,1
nək,7
fli,8
lik,18
iks,8
ksu,1
suo,1
uow,7
wsɪ,13
ɡəs,9
ɑɹʌ,1
m
v,2

va,2
jɹʌ,1
ænf,1
nfɹ,3
udɪ,9
dɪb,1
n
d,4
kwɑ,17
wɑd,7
tin,14
ini,6
ɪm
,3

sɪ,21
ədɪ,13
hɛs,2
ɛsa,3
jki,2
kiə,2
kəb,9
əbæ,1
ik
,9
k
e,1
jsi,6
ɪna,3
ajæ,1
hʌk,1
sɪt,22

kw,8
wdə,7
kio,1
n
ɡ,3
duo,1
ws
,2


ɛ,28
pti,7
ɛmt,4
mti,1
væk,2
ækə,9
kəə,1
əəs,3
ɪnæ,4
næn,1
æmt,1
mtɪ,1
tɪz,1
ɛsi,3
sio,10
wmo,3
ɛvo,1
vɑm,1
mit,8
itu,1
ɪvæ,2
æku,1
kuo,1
owd͡ʒ,1
wd͡ʒi,1
d͡ʒiæ,1
iæm,3
hæŋ,2
nɑn,5
ɹ̩mɛ,1
mɛɹ,11
ɹʌʃ,8
zɪi,2
ɪi
,2
tik,2
nvə,5
nɪm,10
məs,19
nno,4
ɛnɪ,2
nɪt,17

kæ,7
kæm,5
jkə,20
hɪl,9
ɑnz,3
jdɹ,2
æbs,7
bsɪ,2
m
ɛ,3

ɛk,10
tum,4
kəs,10
n
p,11
jno,1
ɛdɪ,17
hɑm,6
ubi,6
ɔθɔ,2
i
b,2

bɹ,4
viə,9
liɔ,1
iɔɹ,1


n,18

næ,5
næp,3
dɔɹ,11
ɹmɪ,3
ɑnd,19
dɹ̩m,2
hɛp,1
ɛpi,3

hn,1
hnə,1
nəp,2
əpæ,2
pæn,7
məm,9
dɛz,4
ɛzʌ,1
zʌm,1
ʌmp,9
k
ə,3
ʊɹi,7
ɹit,21
itə,16
əbɹ,4
ajɪ,17
jɪl,1
æɛk,1
wlɛ,1
sɑm,2
ɑmn,3
mnə,3
m
k,7
wɑm,2
kæl,15
ælɪ,9
ɪd͡ʒi,1
ino,3
wsə,4
əfʌ,1
fʌn,3
nɑk,2
ɑkt,7
tæm,9
mɹ̩ɹ̩,1
ælb,1
lbə,1
bls,1
lsə,9
ɡɑθ,2
æmz,4
ste,62
jmɹ̩,1
əmɹ̩,3
di
,11
i
s,7
jsə,24
k
v,2

vɛ,3
miə,2
wkw,5
wɑs,2
ɑsɪ,1
ɪte,28
lio,7
əfɛ,13
fɛn,8
pəd,5
əda,2
t
l,3

lo,4
lɪb,6
ɪbɛ,2
ɪsa,9
ɡæɹ,1
æɹɪ,5
ɹɪɹ,2
ɑln,1
lnt,1
lɪi,1
ɪiz,1
sɛm,5
ɹ̩
v,1

vɪ,1
vɪd,2
ɪdn,4
dnt,1
ɛtæ,1
ɑɹs,3
ɹsɪ,4
skæ,12
ɪdl,3
dli,19
dʌt͡ʃ,3
ɹ
d͡ʒ,2
sʌb,32
ʌbs,24
tət,17
ətu,16
tut,4
uts,6
ɹæd,9
ædə,43
lɛl,6
ɛl
,11
l
n,2
ɪʃ
,8
ʃ

,3
ɪle,8
ɪsɛ,8
ɑɡn,1
əɡɹ,13
ə
w,3
dɪd͡ʒ,3
z
æ,22
ænɹ̩,22
səf,26
əfɪ,17
fɪʃ,23
wɪɹ̩,1
ɪɹ̩i,1
ɹ̩iz,6
ɪd
,14
d
w,14
z
m,3
iə
,2
ə

,12
fɑɹ,17
ə
v,4

vɑ,3
ɑlj,8
lju,38
umz,6
lɹ̩l,9
ɹ̩li,36
ədl,2
lɪv,18
ɑz
,8

su,2
sun,6
ʌlɛ,3
tæs,7
æsk,13
sk
,2
k
ʌ,2
lti,18
i
ə,4
ɡzɔ,6
zɔs,5
ənɡ,3
nɡw,1
ɡwa,1
jdɪ,7
kɹ̩ʒ,2
ɹ̩ʒə,7
d
ɡ,2

ɡl,1
ɡli,5
lin,12
ind,1
ɔfɹ̩,3
ə
b,6
ejɑ,2
jɑs,2
ɪvɪ,18
n
i,2
ɪlf,9
lʌk,4
ʌki,2
ɑɡm,1
ɡmɛ,2
wkæ,3
kæb,3
æbj,3
bjə,4
dɪz,22
d
ɔ,3
ile,11
n
s,14

so,7
ælv,4
lvə,1
nəd,4
kti,2
mɑh,2
ɑhɑ,2
ɑmɪ,4
jt͡ʃɹ̩,24
hið,1
iðə,1
ðən,1
pej,56
jɡə,3
ɛkn,3
knɪ,3
fɪl,20
əsɑ,4
sɑf,24
ɑfɪ,4
əpɔ,9
d
p,5

pɹ̩,19
ədm,12
dmɪ,15
əde,7
owb,12
wbe,1
bej,16
ənɹ̩,8
ədɑ,10
dɑp,7
ɑpʃ,1
jut͡ʃ,16
ut͡ʃɹ,1
t͡ʃɹə,4
d͡ʒ
ʌ,3

wɔ,5
nnə,3
lʌs,9
ɛd͡ʒɪ,2
tɹd,1
əkɹ̩,12
kɹ̩d,3
ʃɹ̩
,1
ɹ̩
ð,6
jzɪ,9
zɪŋ,17
usl,7
slə,8
ɪnd͡ʒ,7
nd͡ʒɹ̩,17
d͡ʒɹ̩i,1
z
h,13
vis,3
ɪdə,26
vɪs,6
skə,7
kɑs,5
ɑsə,25
dʌb,40
ʌbə,45
ldə,22
sɛp,50
ɛpt,44
j
ə,5
əbt,10
bte,6
mpo,1
wnə,5
v
ɪ,5
ajw,1
jwe,1
ʊdm,1
dmə,4
ɔɹs,42
ɹsə,6
əkɔ,15
ɹsɹ̩,1
sɹ̩
,3
ɹ̩
ɹ,1
θif,3
ifl,2
fla,23
wt͡ʃd,1
t͡ʃdɹ,1
jvɹ̩,14

wɑ,10
idə,11
ɹbɪ,6
ɪtɹ,10
jk
,8
k
d,1
d͡ʒək,28
əkt,40
ɹin,8
blu,7
luɪ,4
uɪʃ,1
dvɹ̩,8
j
æ,11
ʌli,3
wpə,13
vɪl,3
ɪln,2
fɔl,26
ɛn
,19
n
a,2
nva,5
ɹ
n,7
ɛnj,8
jəw,5
ɔfs,1
fsp,1
ɹɪŋ,62
ɔz
,7
kip,5
ipɪ,3
pɪŋ,7
kæs,5
æsə,14
lid,6
ɑɹm,21
ɹmi,5
ɡnə,33
ækʃ,17
lʊɹ,24
dwɛ,7
ŋ
l,1

lɪ,3
əlu,8
lut,4
ʌlɹ̩,3
ɹ̩əŋ,1
əŋ
,1
ŋ
p,2

pe,2
jnt,28
nlɛ,9
jɪŋ,17
ɹ̩
h,3
hæb,6
æbə,10
wɑl,7
ɪŋk,56
ŋkɪ,2
ɹud,10
nt͡ʃɹ̩,15
t͡ʃɹ̩d,7
kɔl,21
sip,1
ipi,3
nið,11
nsʌ,3
sʌl,4


ɑ,7
t
ɑ,5
ɪzɹ̩,8
ɹ̩v
,1
v
ɹ,4
jvə,17
l

,51
pəz,24
əzɪ,18
zɪʃ,17
t͡ʃif,8
t͡ʃɛɹ,1
ɹək,9
tɹ̩ɪ,7
ɹ̩ɪs,5
d͡ʒ
a,1
ɛpɹ̩,7
əvɹ̩,27
s
ʌ,5
ɛsɹ̩,5
sɹ̩z,6
fɛɹ,23

ði,8
num,6
umɹ̩,6
mɹ̩ə,7

kj,4
ɹiɑ,6
iɑs,5
sæt,18
əsf,10
sfa,6

mo,4
ɹmz,16
ɛfɪ,10
ɛɹa,5
jve,5
ətə,18

ðe,11
wɹl,4
jɹ̩z,16
d͡ʒ
ð,1
jzə,16
fɛt͡ʃ,1
l
ɑ,2

ɑn,8
ətæ,1
tæk,11
pɑs,8
ɑst,13
əta,1
bɹe,19
stɑ,22
tɑp,12
ɑp
,2
p
ə,1
bɹʌ,3
ɹʌp,1
ptl,1
təf,21
ɪv
,24
v
o,3
sis,3
bɛl,2
ənɹ,4
d͡ʒɹ̩n,2
ɹ̩ni,3
ə
t,9

te,2
d
ʌ,5
ldl,3
sɑɡ,5
ɑɡə,3
jbə,30

tɹ,6
tɛp,4
ɛps,2
z
a,5
flæ,11
ætɹ̩,31
lf
,7
f
ð,2
ɪli,12
liv,20
stu,11
siɑ,3
iɑl,6
i
n,4

no,13
ŋɡɹ̩,12
nsu,2
pɹ̩ə,6
ɪð
,9
ð
ð,2


m,17

mɛ,12
jli,3
jns,1
nsw,1
swɹ̩,2
wɹ̩θ,10
ɹ̩θ
,7
θ
f,2

fɪ,10
ləp,3
əps,1
ʌt
,13
fɹ̩z,9
j
p,2
zɪs,12
jpt,4
kɹɛ,6
ɹmɹ̩,19
mɹ̩
,3
ɹ̩
d,2
usf,11
i
p,11
kle,13
jmɪ,2
mɪŋ,17
jm
,28
m
p,3
ɪvl,4
vlə,1
t
p,5
ɹuf,5
uf
,1
f

,9
ɪsp,32
æmæ,2
ɹts,25
ndi,23
did,21
tɹa,40
n
ʌ,8
ɹ̩ɡɑ,7
ɡɑt,10
ʃ
ɡ,1
jɡn,4
fæs,5
j
ð,5
kla,14
izd,5
tɹ̩p,14
ɹ̩pɹ,11
j
s,3
ɑna,1
əfɹ,8
jbd,3
owʃ,22
wʃə,22
dɛf,8

æm,3
æmb,33
mbɪ,8
ɪɡj,6
ɡju,4
uəs,8
æpl,4
fi
,3
ɹkn,4
knə,8
mpi,4
ɛsɪ,20
t
θ,3

θɪ,6
ɹus,2
us
,10
uvd,3
wzɪ,10
ʌmθ,13
mθɪ,13
i
d,2
sʌt,5
ɹ̩md,2
dɛd,5
ɹ̩s
,4
s
ɔ,2
mɔd͡ʒ,1
ɔd͡ʒj,1
d͡ʒju,2
ule,1
iəd,2
pɹ̩s,38
ɹ̩si,6
ŋ
t,2

tʌ,2
ɛmf,5
mfə,3
j

,13
jba,9
u
f,1
lus,5
ə
s,19
ɛtɔ,1
jdl,2
hɑɹ,44
ɪne,1
msk,1
ɹ
ɪ,9
ŋkt,16
pʊt,9
ɡow,36
w
ɹ,1

ɹʌ,2
ɹʌn,12
θɹo,14
ɪmɛ,9
mɛm,21
ɛmb,23
bɹ̩d,10
d͡ʒ
ɪ,2
iəb,7
pik,13
ʃɪf,2
ɪft,11
ftɪ,3
ɹ
b,6
d͡ʒət,4
stɔ,20
lɪn,6
nie,1
pɪk,7
ɪkt͡ʃ,1
kt͡ʃɹ̩,11
wɔt,7
usə,5
s
a,3
lis,20
k
w,4
ɑɡæ,2
ɡæʃ,3
ɹ̩fɔ,10
ɹm
,5
t
ʌ,4
ð
l,1
ndʌ,5
ʌld͡ʒ,4
nfɛ,4
fɛʃ,1
tʌl,2
ɪms,17
t
w,15
twɛ,11
inz,14
unɹ̩,2
sɔŋ,3
ɔŋ
,8
ŋ
ɔ,1
ɹnɪ,4
tɑt,1
wts,9
k
ɪ,1
ulə,5
ʊɹl,7
t
ʃ,7

ʃe,3
ʃej,22
piɹ̩,3
ut͡ʃɹ̩,15
t͡ʃɹ̩
,12
ɹiɡ,4
iɡɹ̩,6
sɪp,14
zæk,5
næd,2
əkw,21
ɹ
h,2
ɹɑk,7
ɑks,16
l
t,5

tɹ̩,9
ɹ̩kʌ,2
ʌml,2
mlɑ,3
lɑk,13
ɑkj,3
juʃ,6
uʃə,17
utə,24
sɪv,35
ɛkw,4
wəz,5
əzə,3
zət,11
ɡɹɑ,1
ɹɑd,3
ɑde,1
ɹ̩mi,2
diɪ,2
iɪt,3
ədɛ,3
dɛn,4
l
s,7
ɔɹɡ,9
ɹɡo,7
kæt,6
iʃə,4
ɹ̩wo,2
wvə,4
ɹ
ɛ,4
ɹ̩
w,4
bɹæ,8
ænt͡ʃ,4
məf,2
əfə,16
sɛk,21
ɛkj,3
ɹ̩
k,7
əlæ,5
jdz,13
ɹ̩sɛ,12
ptɪ,13
tɪb,2
ɪbl,3
u
i,1

it͡ʃ,4
ɛt
,8
mpɑ,5
poj,11
m
ɹ,3

ɹe,3
ɪss,1
ssɪ,1
ivz,5
ɪbə,9
ɡɛð,4
pte,3
ɪsɹ̩,4
sɹ̩n,9
ɹ̩nm,1
wɪɹ,5
pʌz,1
ʌzə,1
səv,2
vɪɹ,2
hɹ̩s,4
hɹ̩i,3
n
ɛ,5
ət
,14
bɪɑ,3
ɪɑn,3
pɑp,3
ɑpj,3
mæɡ,4
æɡn,4
wkj,4
nɹ̩e,9
stʌ,20
tʌd,5
ʌdi,4
diz,11
luʃ,7
ʊɹ
,5
ɹ
t,3
mɪk,9
kst͡ʃ,4
st͡ʃɹ̩,3

fə,2
əlɑ,14
lɑs,7
i
k,8

kl,7
ikɪ,3
mɛt,10
ɔɹɪ,12
ɹdɔ,2

mə,2
hit,4
fle,1

se,4
bɹ̩n,4
ə
f,10
fɪɡ,2
ɡjɹ̩,2
ɑmo,5
wdi,3
ɪdu,6
ɛɹs,20
ɹsl,8
mʌð,3
ɹ
d,2
sla,13
jtl,6
əvo,7
voj,18
izi,16
ziɹ̩,3
ɪɹɹ̩,5
ʌkt͡ʃ,5
t͡ʃɹ̩z,10


ɔ,8
ə
l,7
ɑnf,6
k
ð,3
kæʒ,4
æʒə,4
vɹ̩l,3
ɹ̩lʊ,1
lʊk,7
ʊkt,1
t
m,8
ɛlz,4
tɹ̩l,3
nik,3
wl
,3
l
p,6
sim,22
imɪ,4
lts,6
mpj,4
ʌnə,10
dəb,7
ɹ̩kj,3

fi,3
fim,2
ime,2
tæɡ,5
jpʌ,1
pʌl,6
ʌlt͡ʃ,4
lt͡ʃɹ̩,2

dɹ,2
kət,20
sik,8
ikt͡ʃ,2
kt͡ʃə,2
t͡ʃət,2
ɑɹɪ,1
fɪt,7
pəɹ,1
əɹɑ,1
ziə,1
ɹ̩
b,3
ænz,11
nzl,6
zle,5
zin,3

mɪ,5
ɹɛl,9
d͡ʒ
ʃ,1

ʃʊ,11
wdu,8
k
æ,3
t͡ʃɪɹ,4
ɡlæ,7
læd,4
ɪlɹ̩,1
ʌŋ
,7
v
i,3
ɹdɪ,18
wte,5

sa,6
hɪs,10
ɹkə,12
t͡ʃɪm,3
ɑsɛ,2
ɪvi,1
zɔɹ,1
ɹte,3
əts,21
l
d,5
ɪpʃ,4
ɔld,9
wɪz,9
ɪzd,8
zdə,8
bʌl,1
ʌlk,3
fɹa,16
ɹst,2
ɪpɑ,4
nsk,5
pts,3
n
t,10
klʌ,4
s
t,6
piɪ,1
ɛmd,1
vɛk,2
kse,2
spʌ,6
ʌnd͡ʒ,2
səd͡ʒ,7
ɛɹd,11
iv
,3
ɹ̩t͡ʃɪ,4
t͡ʃɪz,4
tɹ̩s,2
ɹ̩sp,3
spɹ̩,8
ɹ̩dʊ,2
dʊɹ,3

fl,1
dʌs,1
sti,16
ɪsɑ,3
sɑɹ,7
bæɹ,6
æɹə,13
ləl,2
d͡ʒi
,6
z
k,14
ejɪ,5
dɑk,5
klɔ,3
ɔzə,1
hej,17
ɛtɹ,5
ʌnk,5
s
m,2
ɛzɹ̩,3
zɹ̩t,2
fɹ̩
,5
ɹ̩
m,2
mæs,41
dəl,35
sta,14
ænj,7
jəf,3
ækt͡ʃ,2
æɡɹ,3
ɡɹɪ,2
ɪkʌ,12
uvɪ,1

ɛɡ,1
kɹu,6
ɹup,1
upj,1
tit͡ʃ,11
əmo,6
j
m,3
slɛ,9
lɛd,6
ɑɹʃ,7
ɹʃi,2
ʃiæ,2
iæl,2
pɹ̩ɛ,4
ɹ̩ɛɹ,4
s
ɹ,2
nkɑ,2
ɛmɹ̩,9
mɹ̩i,8
ð
æ,1
ɹ̩nə,22
ndʃ,2
dʃɪ,6
ʃɪp,14
ædm,4
vɹ̩ɪ,4
ɹ̩ɪt,4
ɹ̩n
,3

dɛ,4
dɛk,6
ɛkɹ̩,5
kɹ̩e,2
udi,3
ndf,1
dfa,1

d͡ʒɛ,11
ɔlm,13
lmo,12
t͡ʃɹ̩i,12
nkɹ̩,3
kɹ̩ə,9
kɑz,7
ɑzə,8

to,5
ɛɹɪ,25
təw,2
əwɔ,2
ɹdz,12
ɡæl,2
lɪk,31
ɡɹa,8
ndw,1
dwɹ̩,3
ŋ
ə,2
dɪʃ,23
il
,4
siz,23
ɑpt,7
ɪdi,8
əmz,16
udn,1
dnə,12
əkl,2
lɛn,23
v
b,4

bɪ,16
kɔʃ,2
ɔʃə,2

tu,4
ʊd
,12
d
a,2
dni,2
dɹ̩i,2
u
ɪ,1
lɪz,7
bəθ,2
əθ
,1
θ
ə,1
d
ɛ,4
θiɑ,1
kɹ̩
,6
ɹ̩
æ,3
d͡ʒ
f,1
næv,2
ɹɔl,10
ɔli,2
ə
m,9
əmb,6
mba,7
nɹ
,1
ɹ
ʌ,1
wɪv,4
sʌp,12
ʌpl,12
ləm,20

kɹ,4
kɹɑ,5
ðɹ̩w,6
ɹ̩wa,6
ɹ
k,5
pɔs,1
ɔsə,2
t͡ʃ
m,1
ɹd͡ʒd,3
ɛɹl,11
ɹlə,3
ɹ̩us,2
ə
θ,1

θɹ̩,2
θɹ̩d,10
utɹ,1
m
æ,6
kɹ̩ɑ,1
ɹ̩ɑb,1
ɑbɹ̩,1
bɹ̩e,1
itɪ,6
əso,2
siɪ,1
ɪnl,6
nlɑ,9
lɑɹ,22
ɹd͡ʒm,1
vək,2
jil,8
ild,14
mte,3

ɪɡ,7
niɑ,1
ʃju,4
stl,12
ʃɹ̩d,1
ɹæt,7
ɛkt͡ʃ,7
kt͡ʃu,6
l
h,3
tɹ̩i,5

ðʌ,3
ejθ,11
jθf,3
θfə,6
ufs,1
jpə,4
pəb,2
vɹ̩t,8

əd,2
ɪfj,4
ʌbt,5
btɪ,2
hæə,1
æəs,1
utn,2
nd͡ʒu,5
d͡ʒud,2
ɪʃs,1
ʃsl,1
ɹʌŋ,7
ʌŋk,26
ŋke,1
lɛd͡ʒ,2
ɛd͡ʒd,1
ɹʌs,7
skw,11
əsm,1
smə,4
ɹ̩po,3
ɹiv,9
ivj,2
jəp,2
əpe,4
əɡn,4
t
s,10
ləf,18
pt
,8


j,8

jɛ,8
jlj,1
jue,4
uej,6
lɔd,2
ɔdə,1
əbʌ,9
bʌv,8
ɪlo,7
d
h,15
f
b,1
dʌn,12

fɹ̩,4
ɛnɡ,3
nɡe,4
izɑ,4
zɑl,4

nɔ,11
nɪɡ,3
ə
a,1
fis,1
isɛ,1
nsæ,1
ɹɛʒ,4
ɛʒɹ̩,42
ʒɹ̩z,16
jəm,14
əmf,3
j
ʃ,4
ækw,4
ɪzɪ,10
jɹ̩d,8
ɪɹs,4
ɹ̩
ʌ,2
v
ɑ,2
l
b,4
imz,16
ɔlz,8
ɹ̩
ə,2
ɹɔt,8
ɪbɹ̩,5
bɹ̩ɪ,2
ɛnɛ,3
wtɹ,6
j
f,3
jɹi,6
nfɔ,12
ɹ̩su,4
su
,1
u
p,2
ɹke,3
ɹit͡ʃ,7
it͡ʃt,4
imd,2
ə
ɹ,13
bɪh,4
ɪhɛ,1
hɛl,20
d
n,7
liɛ,2
iɛɹ,2
nkʌ,3
mbɹ,10
t
a,1


d,15
ə
n,4
ɪfɛ,9
v
æ,2

æŋ,1
l
ɹ,4
nvɪ,6
æŋə,1
ŋəl,1
ŋ
k,1
udz,7
sku,4
kul,5
ʃæl,52
m
ɑ,1
nɪɹ,18
n
θ,4
ktn,3
ɹ̩
s,10
du
,9
ɹ
θ,1

θɔ,1
ɹɛm,4
məd,6
ədi,12
nse,1
əz
,16
ʃaj,7
ŋ
w,2
ɹks,6
ipl,4
l
æ,8
ɹæŋ,11
ŋkl,1
wld,41
ævɹ̩,3
vɹ̩n,9
ɹ̩nz,7
jnɹ̩,1
z
l,3
ojə,2
jəd͡ʒ,1
ɹ̩fə,10
ɛɹh,2
ɹha,3
awz,13
zɪz,9
mɹ̩t͡ʃ,2
ʃɑp,1
ɑps,7
fɪs,2
tul,3
ɹ
i,2

iz,3
ɪðɪ,3
ðɪn,3
wpl,1
ʌlə,2


t,19
fɹ̩n,4
kəd,4
dɛl,8
kɹʌ,9
ʌsk,1
fiɹ,1
iɹə,1
bwo,1
wnɹ̩,2
nɹ̩o,1
ɹ̩ow,3
wti,1
j
n,4
ʌkə,3
i
l,3

lə,2
əbɔ,3
mɹ̩k,3

pi,8
pip,6
ipə,7
mɛʒ,23

ʌt,2
jud͡ʒ,3
ud͡ʒə,2
ɹdə,10
ɹəb,8
l
m,2
ʃ
w,1
ənw,5
nwɹ̩,2
wɹ̩ð,6
ɹ̩ði,6

kɛ,3
æt͡ʃɪ,1
t͡ʃɪŋ,4
tun,4

pæ,9
nɹɪ,1
ɹɪɡ,9
ɪɡɑ,1

sɹ̩,6
ɑbv,6
bvi,6
kɹ̩s,4
ɹ̩sɹ̩,4
sɹ̩i,5
ɡæð,3
ðɹ̩ɪ,1
jkl,7

ək,12
ŋ
m,3
ʌnɛ,1
m
ɪ,1
nfə,20
fəd,2
v
ɡ,2
jtn,6
ɪsd,3
sde,2
jnf,2
əln,9
ɪðd,1
ðdɹ,1
dɹɔ,8
ɹɔz,2
f
f,1
skɔ,10
ɹnf,2
pɪd,1
sks,1
s
n,2
kɑʃ,1
ɑʃə,1

əɡ,3
vɪɡ,2
ɪɡɹ̩,2
ɡɹ̩ə,2
fɹ̩t,9
pæθ,1
læb,3
æbɹ̩,2
ɹ̩ɪn,1
ɪnθ,2
nθs,2
ʃɛɹ,3
d
l,7

le,5
ɔɹʃ,6
ɹʃə,7
l
ʃ,1
ɪvɛ,8
w
m,1
ɹ̩ɛn,2
fɑn,3
ndn,5
ənd͡ʒ,6
nd͡ʒɛ,2
ɹ̩sw,1
swe,6
ɑpə,4
ɹ
ə,4
ld͡ʒd,2
læf,7
ksɹ̩,3
əlɔ,3
jɪɹ,19
ɪɹa,4
mbɑ,2
bɑm,2

kɹ̩,2
lun,1
unɛ,1

ne,2

æf,3
əkæ,4
kæd,4
əmi,9
miz,2
ənu,5
nuz,3
ud͡ʒɪ,1
d͡ʒɪt,1
ipʌ,1
ʌls,4
ls
,1
udɹ̩,1
vɪd͡ʒ,5
d͡ʒəl,14
n
v,1

ve,1
btə,5
nkn,4
læʃ,9
wɪn,19
ŋz
,14
nwɪ,1
əml,1
lɑt,5
pɔl,3
kɹe,5
ejɹ̩,4
æse,1
ɪtæ,9
tæl,11
ælj,14
ljə,20
bɑk,1
ɑke,3
mək,2
əki,1
iəv,1
kɑɹ,5
w

,12
sʌd,10
ʌdə,10
nsf,3
sfɹ̩,4
v
t͡ʃ,1
upɪ,2
ɹiɹ̩,5
ska,12
ɑmɹ̩,1
mɹ̩s,2
luk,2
ukɹ,1
jvz,13
tɹ̩k,1
ɹ̩kɔ,1
ð
s,1
d͡ʒɹ̩z,6
əkɑ,6
ɹ̩vz,3
ɹæf,10
æfɪ,2
ɪkɹ̩,3
kɹ̩z,6
jni,3
st͡ʃe,1
aws,24
ɹt
,13
əmj,6
ŋks,6
t͡ʃ

,14
d͡ʒ
m,1
jzd,8
ʊɹɪ,2
bɪz,8
ɪzi,10
zid,1
nlɹ̩,1
si
,31
lɛʒ,15
ʒɹ̩
,5
ɹd͡ʒɪ,6
tɑk,5
nu
,2
ənt͡ʃ,2
nt͡ʃe,2
m
n,1

lɑ,1
fil,11
ldz,5
ɪsj,5
sju,5
ɪfl,2
d͡ʒiə,2
tɔk,5
ɹti,6
iɹ̩z,2
nəθ,1
vɹ̩t͡ʃ,15
ɹ̩t͡ʃu,15
ɪɹo,8
fəz,1
sæŋ,4
lɛɡ,3
ɛɡm,1
ɡmæ,1
ɛnf,1
wps,7
v
p,2

po,4
kɹo,4
wt͡ʃm,1
t͡ʃmə,2
ɪl
,14
lɛv,4
ɛvɪ,1
vɪt,3
pʌb,14
ʌbl,14
nfæ,2
fæt͡ʃ,1
æt͡ʃu,2
t͡ʃue,2

ɹa,4
kwi,13
wiə,3
isə,6
m
d,2
swɪ,14
wɪf,5
d͡ʒ
ə,1

əl,1
imə,4
ɹbɛ,3
jud,14
ɹ
ɹ,3
awð,3
wðz,2
ʌnf,2
ənp,8
npl,4
ljɛ,1
jɛɹ,1
θ
æ,4
ɪʃm,1
ʃmə,1
təv,4
d͡ʒ
w,2
btɹ,2
ɡzɑ,1
zɑt,1
ɑtɪ,3
ŋ
s,4
ɪst͡ʃ,8
t͡ʃəv,1
i
t͡ʃ,2
ldɪ,3
ŋ
b,2
ʃt
,2

si,11
bɹ̩t,6
ɹ̩ti,7
hɪn,4
jlɪ,7
ɑɹz,2

la,7
zlə,2
ətʊ,3
tʊɹ,5
ʊɹz,9
bæb,1

ɪf,5
ɪɹɪ,7
wiɛ,1
iɛs,2
jlə,17
sɹ̩m,2
ɹ̩ma,1
wnt,32
umæ,3
ɪtɑ,3
tɑɹ,12
pæl,7
æli,2
lie,1
ɛŋθ,7
ŋθə,7
θən,12
dɛθ,12
ɪfi,2
fit,5
ɡʌv,2
vɹ̩m,2
tuʃ,1
ɹʌɡ,5
ʌɡə,6
lɔn,1
ɔnd͡ʒ,1
d͡ʒɛv,1
fɹ̩b,1
ɹ̩bɪ,1
bɪd,11
ɪdz,3
ɪmɔ,1
ɪvo,5
ɹz
,6
pɑm,4
ɑm
,1
n
l,5
ɛʃɹ̩,2
ʃɹ̩z,1
ziz,4
jfə,4
vɪʒ,2
ɪʒə,5
ɡno,2
wbə,6
z
ɡ,2

ɡe,2
pəɡ,1

ti,14
it͡ʃɹ̩,3
ipɑ,1
pɑz,5
lɛb,2
ɛbɹ,2
boj,7
jl
,12
əme,4
k
h,1
blʌ,12
lʌn,11
z
ɛ,2

ɛv,6
hu
,6
blə,9
bʌd,3
ʌdɪ,2
ɔlɪ,13
ɹ̩id,1
ɡɹ̩n,2
d
s,9
ænv,2
ədv,5
ævɑ,1
vɑk,4
lɪp,9
ɪps,7
psə,1

lɹ̩,2

æt,5
jɛs,1
ɹ̩de,1
tuə,1
w
n,1
ɛmz,2
pæt,4
ætɹ,3
nɪd͡ʒ,2

sɑ,4
ɑft,21
ita,1
jɹ̩m,1
ʃɛl,1
ɛlt,7
ɛmɪ,4
k
b,1
mɪd,16
ɪds,4
dst,11
ɪkn,3
ʊli,1
u
k,2
ɪmj,2
v
e,1
ɛlu,2
owɑ,2
wɑp,1
bɑd,11
ɑdi,11
fɪf,1
fti,3
m
a,1
ɡlu,2

mi,2
sʌŋ,5
d͡ʒəd,6
﻿ə
,1
ɔθɹ̩,11
θɹ̩a,1

æb,1
fow,12
θɹ̩
,2

sæ,6
*

,12


ɡ,3
uzɪ,3
pɹ̩l,18
jɹ̩ɪ,2
əbj,1
ɪlb,1
lbɹ̩,1
bɹ̩d͡ʒ,1
ɹ̩d͡ʒi,2
ŋk
,4
jfl,5
flɪ,11
it͡ʃɪ,1
it͡ʃə,2
ɹ

,15


ɹ,3

ɹo,1

di,3

ɛf,4
ɛf
,2


d͡ʒ,18

d͡ʒi,7


e,6
jt͡ʃ
,4
jɑ
,1
ɑ

,3

d͡ʒe,5
d͡ʒej,16

ke,6
kɑ
,1


o,6
pi
,2

ɛs,8
vɑ
,1


v,11

vi,3

dʌ,5
əlj,25


z,3

zi,3
zɛd,1
ɛd
,8
wθi,4
θis,4
tif,1
ifɔ,1
sɛd,10
ðaj,26
ŋ
f,4
tɪf,4
z
d,5

dɹ̩,1
pəθ,2
əθi,2
θi
,1
i
σ,1

συ,1
συμ,1
υμπ,1
μπα,1
παθ,1
αθε,1
θει,1
εια,1
συσ,1
υστ,1
στη,1
τημ,1
ημα,1
μα
,1
α

,1
ɪfθ,16
fθɔ,16
θɔŋ,16
ɡɹu,4
ɹu
,1
u
v,1

vj,1
flo,9
ikɛ,1
mɛk,1
ɛkæ,1
næt,1
fɪz,1
ziɑ,1
jde,1
ɹʃn,2
ʃnə,2
kwe,6
əka,11
kaw,25

ə
,1
θɹi,5
ɔd
,5

æʃ,1
sæl,5
lve,2
ɹ̩pi,1
ɹ̩æb,1
æbɪ,1
ɪzɛ,7
nɡɹ,3
ɹæt͡ʃ,3
æt͡ʃə,2
t͡ʃəl,8
æs
,3
wɔl,19
sɔl,4
vɔl,2
mɔn,1
hɔn,2
ɔnd,1
wt͡ʃɪ,2
ɹæs,13
ɔŋd,1

we,2
nɔt,2
ɔti,3
itl,2
izɹ̩,1

i
,1
kē,1
ēn,1
̄ni,8
siĕ,4
iĕl,3
ĕlɑ,2
lɑɹ̩,3
ɛsĕ,2
sĕp,1
ĕpɛ,1
ĕlɛ,1
ɛmĕ,2
mĕɛ,1
ĕɛn,2
tie,23
jt͡ʃĕ,1
t͡ʃĕɛ,1
viĕ,1
iĕɛ,1
ĕɛk,1
piĕ,1
iĕɹ,1
ĕɹp,2
ɹpl,2
ɛlĕ,1
lĕn,1
ĕnt,1
mĕd,1
ĕdə,1
ɑɹĕ,1
ɹĕt,1
ĕtə,1
sĕɹ,1
ɹpɛ,1
iĕs,1
ĕse,1
əlĕ,1
lĕs,1
ĕsɪ,1
ŋ
ɛ,2
ɛfĕ,2
fĕl,2
ĕlɪ,1
diĕ,1
iĕb,1
ĕbi,1
bit,12
iti,1
w
ʌ,1
nɛl,3
əpi,8
fib,2
ibi,1
dɹ̩b,1
hɛd͡ʒ,1

lɛ,5
isi,7
biă,1
iăɛ,2
ăɛn,2
bia,4
iā,2
ān,2
siă,1
sia,5
piĭ,1
iĭɛ,1
ĭɛn,3
pii,1
iī,1
īn,3
tiŭ,2
iŭɛ,1
ŭɛn,1
tiu,2
iū,3
ūn,1
ɑɹŭ,1
ɹŭb,1
ŭbi,2
ɑɹu,1
ɹū,1
ūb,2
̄bi,3
piŏ,1
iŏp,1
ŏpi,1
pio,3
iō,2
ōp,1
̄pi,1
ɛfĭ,2
fĭɑ,1
ĭɑɹ,1
ɛfi,2
fī,2
īɹ,1
̄ɹe,2
siŭ,1
iŭɑ,1
ŭɑɹ,1
siu,1
ūɹ,1
iŭb,1
ldn,2
ɹs
,3
fɛm,3
siə,3
klɹ,1
fɛl,4
æmd,2
mdə,1
əlŏ,2
lŏv,1
ŏvi,1
ɛlĭ,1
lĭv,1
ĭvi,2
d͡ʒiĭ,1
iĭv,1
vi
,2
ʃɑt,4
θɪs,1
ukɹ̩,1
ntn,1
pɹ̩ɪ,1
wəd,5
ɹɑt,2
u
ɔ,1

iə,1
eja,1
jaj,1
ivɪ,4


u,2
ft
,2
dʌp,1
lip,3
jow,3
fĭɛ,1
jt͡ʃĭ,1
t͡ʃĭɛ,1
jt͡ʃi,2
t͡ʃī,1
flɹ̩,1
lɹ̩t,2
ʃɹ̩t,1
ɹ̩t
,2
ʃil,1
fɹĕ,1
ɹĕn,1
ĕnd,1
ɔŋz,3
bio,1
ōn,1
ōb,1
bid,3
idj,1
djɪ,1
jɪn,1
ɔɹo,2
ɹō,1
ōd,1
̄dɪ,1
lŏk,1
nŏk,1
ŏk
,1
k
ŏ,1

ŏb,1
ŏbl,1
ɛlŏ,1
lŏl,1
ŏl
,1
wɪm,11
klo,18
una,5
œkɑ,1
mi
,4
soj,2
moj,1
noj,8
but,1
hut,1
ulɹ̩,2
ʃut,4
ʊdə,1
kɑf,4
ɹʌf,5
tʌf,3
ʌf
,2
f
w,7
in
,8
ūs,2
̄sa,1
nfu,1
fū,1
̄sə,1
ŭɛs,1
kəŋ,3
əŋk,3
ŋkŭ,1
kŭʃ,1
ŭʃə,1
kwæ,3
wæf,1
wɪt,19
luz,4
d͡ʒus,3
i
a,1
ɡɛs,8
ɡaj,6
pɹɹ,1
ɹɹɔ,1
ɹɔɡ,1
əɡɔ,1
ɡɔɡ,1
hɹ̩æ,1
ɹ̩æŋ,1
æŋ
,3
i
m,3
ojɹ̩,1
ʊt
,1
ŏpŏ,1
pŏɹ,1
ŏɹt,1
ɹtʌ,1
tʌn,4
fɹɑ,4
ɑɡ
,2
ɡ

,3
æni,4
nvɹ,1
vɹi,12
læm,8
dʌm,1
θʌm,1
wum,1
blæ,21
læk,16
bɹa,7
nkj,1
æsi,2


t͡ʃ,4
t͡ʃɪn,1
ɹʌt͡ʃ,2
im
,2
m
t͡ʃ,1

t͡ʃɑ,5
t͡ʃɑl,1
ɑɹt͡ʃ,9
ejŋ,2
jŋɡ,2
ɹt͡ʃb,1
t͡ʃbɪ,1
ʃəp,9
əp
,3
p

,12
ɛse,13
məʃ,1
əʃi,1
ʃin,1
blɑ,7
ut
,7
klɑ,14
kɹɔ,3
ɹɔs,4
ɔs
,1
mɪv,1
ɑv
,1
v

,27
ɡʌn,3
d͡ʒɛm,3
m
d͡ʒ,2

d͡ʒa,1
d͡ʒaj,4
snʌ,5
nʌɡ,1
ɡɪɹ,2
ɡɛl,1
ɡis,2

ɡu,1
ɡuɡ,1
uɡɔ,1
ɪŋɪ,1
ŋɪŋ,1
ɔŋɹ̩,4
d
d͡ʒ,1
fɪŋ,1
ɡɹ̩
,2
næʃ,2
ɡɪɡ,1
ɪɡæ,5
ɡæn,3
ɡɪb,1
ʒaj,2
b
d͡ʒ,1

d͡ʒɪ,1
d͡ʒɪb,2
jlz,12
ɡɪl,5
əfl,10
d͡ʒɪn,4

æd,5
d͡ʒəp,1
əpt,1
d͡ʒɪp,1
psi,2

sɔ,4
θow,5
sut,1
ɹɔf,3
ɪnʌ,4
nʌf,5
slʌ,3
lʌf,1
kɑt͡ʃ,1
ɑt͡ʃ
,1
æsp,5
ɹɛθ,7
hæt,1
ɪnz,8
hɑs,5
ɑsl,1
slɹ̩,1

hj,1
umɔ,1
ɑkh,2
khɛ,2
ɹml,3
mli,3
ɹ̩
j,2
ɛæk,1
d͡ʒɑk,2
ɑkə,6
kɛp,4
kɹ̩t,1
kɑk,5
ʊl
,1
kæf,3
hæf,4
ævz,3
d
ʃ,2
ɑlm,2
fæl,4
ælk,3
ɪla,12
hlæ,2
owf,6
æfɹ̩,1


l,9
z
ɔ,3
ʃʌt,2
mɹ̩m,2
ɹ̩mɹ̩,2
ɑnj,2
dæm,3
ɛlt͡ʃ,1
pie,4
ɹ̩
f,3
ɪlæ,3
læn,15
ænθ,2
nθɹ,1
θɹə,2
ɑdɹ,1
dɹə,6
ŋkɹ̩,4
snɑ,3
nɑɹ,6
mɹ̩h,1
ɹ̩ha,1
kɑt,5
ɑtɑ,1
ɑɹh,1
ɹum,4
θiə,3
əlt͡ʃ,1
lt͡ʃɹ,2
t͡ʃɹ
,1
bz
,3
bʊʃ,3
ʊʃə,1
ʃəz,2
wna,12
ɹib,3
ibə,3
dɹɛ,13
wsɹ̩,9
ɹuʒ,2
nvɹ̩,5
vɹ̩ʒ,4
ɛfj,3
wzi,5
bʊz,1
ʊzə,1

dæ,4
mzə,2
jsm,1
pək,3
ulj,3
ɹk
,2
sɛv,10
ɛvɹ,13
vɹə,4


Σ,1

Σβ,1
Σβε,1
βεν,1
ενν,1
ννυ,1
νυμ,1
υμι,1
sdɛ,1
dɛɡ,1
ɛɡn,1
sdɹ,1
dɹu,9
ɹut͡ʃ,1
ut͡ʃi,1
t͡ʃio,1
wlo,1
sfe,1
jvɛ,1
ɛlɛ,1
ɑnɑ,4
lʌm,4
smɛ,5
mɛl,8
sna,4
ajp,4
spe,9
ndɔ,2
wiz,1
z
ʃ,1

ʃɹ,1
ʃɹu,1
svɛ,1
ntʊ,1
swɛ,10
ɛmɛ,2
isk,2

ta,5
jti,11
jta,1
jɹ̩
,7
z
θ,2
ðaw,40

ða,3

bɹ̩,7
bɹ̩θ,7
ɹ̩θə,3
θɪk,3
θʌn,2
sɔf,4
ɛθ
,6
θ
b,1
bɹi,9
ɹið,3
lɔθ,2
owð,1
wð
,1
ð

,1
fɪn,3
jlæ,1
jək,1
əkɹ,2
awu,2
wuɑ,1
uɑt,1
ɑtɹ̩,1
aje,2
jej,3
v
ʌ,2
fɹɔ,3

ho,1
wls,7
jʌŋ,7
juθ,6
uθ
,5
θ

,5
ɹɡj,1
wɛd,1
mbl,19
zi
,1
zɹ̩d,1
fɹo,1
ɹθo,2
kæɹ,4
lɹ̩
,8
jəb,2
ɑnv,4
wəs,5
bɛs,14
ikɹ̩,3
əlm,2
lmə,4
mɹ̩z,3
ʃæd,3
ædo,2
ɹ̩dl,1
nla,1
lih,2
ihʊ,2
hʊd,7
nd͡ʒi,2
tɹ̩t,2
klə,2

ɛt,2

hɔ,1
ʌvd,29

mɔ,4

hi,9
æɛn,1
ʌn
,13
kʌt,6
ɪŋd,3
ŋdə,3
iɹ
,4

na,7
ɛnz,3
æd͡ʒɪ,7
fɹu,9
hi
,7
i
ɡ,1

ɡɪ,1
vɛθ,1
fɑd,1
ʊdz,7
sæv,2
vəd͡ʒ,3
əɡz,5
zæn,5
ɔŋd͡ʒ,1
ŋd͡ʒɪ,1
d͡ʒɹ̩u,1

æθ,1
æθə,2
ɡɑd,8
ɪt͡ʃk,1
t͡ʃkɹ,1
kɹæ,13

ʌɡ,1
ʌɡl,1
jtɹ,3
ʊdn,1
dnæ,1
bɪɹ,1
til,5

jʊ,1
ə
d͡ʒ,2
dæt,2
mɑd͡ʒ,2
ɑd͡ʒi,2
d͡ʒis,2
ɹɔɹ,3
ləʒ,3
əʒə,3
wld͡ʒ,2
ld͡ʒɹ̩,2
væl,9
ælɹ̩,5
wʊm,5
ʊmə,5
vɹ̩d͡ʒ,1
ɹ̩d͡ʒə,2
hɔt,2
uno,1
ʌnɹ,1
nɹi,1
ilɛ,1
pæʃ,7
ɹæb,4
ətj,3
tju,3
mɹ̩l,4
utɹ̩,8
zɛs,8
ɛkɪ,1
kɪs,2
ɹɑæ,1
zɛʃ,2
mɪθ,5
mɪð,2
ɪθɹ,2
t͡ʃɔs,1
ɔsɹ̩,1
ædɪ,14
z
v,1

vo,1
jd͡ʒɪ,4
swa,2
wvz,1
mʌf,2
ʌfs,1
ifs,3
huf,1
lif,2
if
,4
t͡ʃəf,2
pʌf,2
kʌf,1
dwɔ,1
ɔɹf,2
kɹ̩t͡ʃ,1
t͡ʃɪf,1
tiθ,1
tuθ,1
ɡus,2
ɹɛð,3
ɛðɹ,1
ðɹə,1
ɹʌð,1
t͡ʃɪl,2
ldɹ,2
t͡ʃaj,8
hɛɹ,7
ɹɛb,2
ɛbə,2
əls,3
ɔf
,1
nd͡ʒ
,4
ajo,1
dɹ
,1
t͡ʃɔn,1
ʌt͡ʃə,2
t͡ʃəs,6
tɪɡ,1
tʌt,3
ʌtɹ,1
ʌθɛ,1
θɛt,1
ɛts,9
ldɹ̩,3
wiv,3
ivɹ̩,3
dæn,7
ænɛ,1
nɛk,5
bʊl,1
aw
,6
hɡo,1
ʃɛɡ,1
ɛɡo,1

æd͡ʒ,2

sʊ,1
sʊp,5
ʊpɹ̩,5
ɛɹɹ̩,6

lʌ,6
liɹ̩,2
swi,14
wit,9
itɹ̩,2
bæd,2
owɛ,10
nɛð,2
ɹ̩
n,3
ðɹ̩m,1
ɹ̩mo,4
wtɹ̩,3
ʌpɹ̩,3
ɹ
f,6
ɹmo,3
ɑpm,1
pmo,1
wðm,1
ðmo,1

bə,1
v
k,6

fɛ,1
ɪpl,5
ʊls,2
jls,2
inf,1
ɛdf,2
dfə,2
ŋ
t͡ʃ,1
mlə,3
z
ɹ,3
ɹɛt͡ʃ,9
ɛt͡ʃɪ,2
fɹ̩v,3
ʊdi,2
ʌfi,1
ɑki,1
umi,1

ɹɑ,1
bd͡ʒɛ,9
ædi,1
hɪd,4
ɪlz,8
zəs,1
t͡ʃua,1
uaw,1
ɪnɡ,5
nɡə,1

fe,3
næm,1
jms,2
msə,3
æɡə,1
ʃəm,1
ɛdz,6
æʃh,1
ʃhæ,1
ulm,1
lmæ,1
ɹtɑ,1
kta,2
jsd,2
lʌd,5
fæt,5
lɛʃ,1
wɑt,2
t͡ʃɹ̩ɑ,1
ɹ̩ɑl,2
dɹ̩e,4
ɪlɔ,2
pis,15
ɛt͡ʃɛ,1
t͡ʃɛd,1
ɛmn,2
mnɹ̩,2
ɛlp,10
lps,1
ɪzu,1
zum,1
mɑk,4

pa,2
wɹ̩f,1
hiv,7
ivn,7
vnz,1
hæθ,7
wɹf,2
ækɪ,1
kɪʃ,1
hus,3
uso,3
ʌts,5
tso,4
hɹ̩z,4
k
k,1
ji
,1
nin,1

hɹ̩,3
tæt͡ʃ,2
ɹ̩pæ,2
jmi,1
ɹd͡ʒɹ̩,1
uz
,3
w
p,1
t͡ʃuz,4
w
ɔ,2
w
ð,4
ɪɹɔ,1
ɪɹb,3
ɹba,6
ɪɹæ,5
ɪɹw,2
ɹwɪ,4
θɛɹ,3
ɛɹʌ,2
ɹʌv,2
ɛɹb,2
ɛɹw,2
&si,33
nd͡ʒʌ,11
d͡ʒʌŋ,11
ɹ̩
o,1
mfæ,3

ɑp,1
ksi,7
ʊɹs,1
ɹsɛ,1
hɹ̩t,5
jd͡ʒ
,5
ɑɡz,2
jɹ̩i,2
i
v,2
v
ɔ,1
mud,12
hæs,3
æds,2
æd
,17
plu,3
lup,3

fj,4
æl
,4
ɑnd͡ʒ,12

pə,5
v
m,1

mu,1
tst,1
kʊl,2
ʊld,2
lds,4
ʌvɛ,1
ʌvɪ,3
vɪθ,1
vds,1
ɹ̩pɹ̩,2
wɹ̩t,3
bis,1
z
d͡ʒ,1

d͡ʒo,3
dɑs,2
dɑθ,2
ɑθ
,1

du,3
flə,1
j
l,1
vɪʃ,5
v
h,4
owh,1
whɪ,1
hɪb,1

bj,2
d
θ,2

θɹ,5
d͡ʒuɡ,4
uɡe,4
z
j,2
ɪnɑ,1
v
t,3
æm
,2
sɹɛ,1
suɪ,3
ɛve,2
vé,3
wɔk,9
ɔkt,2
zɪɹ,1
ɛme,3
mé,6
ét,3
́to,1
ojɑ,1
né,1
é
,1
́

,1
fʊɹ,1
wsɛ,1
kwɹ̩,1

tɛ,5
ɔkɪ,6
d͡ʒæm,1
nʌŋ,5
k
t͡ʃ,1
ɔɹd͡ʒ,3
udʌ,1
ʌmw,3
mwʌ,3
ŋ
æ,4
ʊɹɹ̩,1
ɑms,1
mso,1
wtl,2
tlə,13
jbɹ,11
ɹəh,2
əhæ,1

ʌs,1
ɪzɹ,1
zɹi,1

fɑ,2
j
ɹ,3
ɹæp,7
lɑv,2
ɑvd,2
ɔŋl,4
ŋli,5
plæ,6

sn,1
snæ,6
æt͡ʃt,3
wɑk,1
ækd,4
æt͡ʃd,1
ɪʃd,5
ʃd
,1

wæ,2
wæk,2
jkt,3

sm,1
i
i,2
z
t͡ʃ,1
lɛp,1
wɛp,2
wip,4

sw,4
ip
,3
ʃɛd,3
ʃɹɛ,2
fɛd,2
blɛ,3
pɛd,3
slɪ,9
lɪd,6
fid,2
bɹ̩s,3
wɛt,5
hɪt,2
ɡɹ̩t,1
ɡɹ̩d,1

it,1
bɹo,7
w
t,4
ɪf
,1
ɡzʌ,1
zʌl,1
lte,2
ʃɹɪ,4
ɪɡʌ,2
swʌ,2
wʌm,1
tʌk,1
flʌ,3
lʌŋ,1
pɹʌ,2
wʌŋ,1
ʃɹʌ,1
waw,2
ŋ
ɹ,1
dɹæ,2
w
ɑ,1
ŋkə,9
sit͡ʃ,2
k
f,1
fɔt,1
ɔt
,3

ɹɔ,1
t͡ʃt
,1
ɹ̩kt,1
ɹse,2
ʃɪɹ,2
tiɹ,2
θɹa,2
z
ɹ̩,1

ɹ̩a,3
t͡ʃus,1
sið,2
ʃʊk,2
ɹsʊ,1
sʊk,1

wo,1
əwo,1
swɔ,3
wv
,1
dɹo,1
smo,2
əbo,1
bɛɡ,5
ɛɡɑ,2
sɑd,3
jbɪ,1
ɡæt,2
fɔɹ̩,3
ɔɹ̩ɡ,1
ɹ̩ɡə,1
θɹɪ,3

ʃɪ,1
ɪɹd,3
iðd,1
ðd
,1
slu,1
sɔ
,1
ɔ
l,1
ɹɔn,2
ɡɔn,2
ɔn
,2

fa,2
tɹʊ,1
ɹʊk,2
wk
,2
jkɹ̩,1
d͡ʒd
,1
ɡle,1
ə
o,2

oj,1
pɛʃ,10
ɛʃl,9

fæ,1
ɑfə,4
ɛlθ,20
lθi,3
θ
ɹ̩,2

ɹ̩θ,2
ɹ̩θi,1
bʌn,1
ojf,1
utf,3
l
j,1
uθf,1
jtf,4
lpf,2
pfə,3
nuʃ,3

θɛ,2
tsə,2
ɹ̩θl,2
θlə,1
ɪtl,1
ɹtl,4
lpl,2
ʌmf,4
mfɹ̩,4
ɹ̩tl,1
sæp,2
lɛz,3
nwa,1
ɹɑf,3
fət,3
npɹ,1
mpe,3
nhɛ,2
ɪke,1
ɔlə,1
ntɔ,4
nhə,1
hən,1
nfi,1
ilɪ,1
ɛla,4
nɛn,1
nsa,2
npə,2
tiɪ,2
npɹ̩,2
næk,1
dis,1
ifɪ,1
ʌnp,1
ʌnɡ,1
nɡæ,1
ɡæə,1
æən,1
pɹ̩æ,1
ɹ̩æm,1
sɑn,2
ɑnɹ,2
ejə,6
æp
,3
p
m,1
sæn,5
ɪsh,1
shæ,1
sdi,1
ɪŋu,2
ŋuo,2
ɹɑh,1
ɑho,1
ɪfɑ,1
fɑm,1
w
d,3
nio,1
tla,1
θli,1
ɑdl,4
ʊdl,1
itn,2
ɔft,2
θiv,1
wʊl,3
ʊlf,2

wʊ,2
lfɪ,1
ɑkɹ,1
ɪkɹ,1
t͡ʃ
t,1
ɡɑs,2
mbk,1
bkɪ,1
t͡ʃɪk,2
ɪkɪ,1
pɪp,1
ɪpk,1
pkɪ,1
hæl,1
lkɪ,4
hɔk,1
ɪlk,2
θɑm,2
ɑmk,1
mkɪ,1
ɔɡm,1
sɑp,1
ɪpə,4
tɪp,2
pɪt,13
jbi,1
bub,1
tɔŋ,1
sɛʃ,3
ɔlɹ̩,7
d͡ʒæŋ,2
ɹdn,1
ɑdh,1
dhɛ,1
ænh,1
nhʊ,1
ɪdo,1
owʊ,1
jth,1
thʊ,2
sth,1
æls,1
lsh,1
shʊ,1
l
t͡ʃ,1
ɪdθ,1
dɛp,1
ɛpθ,1
ɹmθ,1
dɹ̩θ,1
θ
s,2

sl,2
slo,4
mɹ̩θ,3
hil,1
t
j,2

jʌ,1
mun,2
mʌn,3
ʌnθ,2
nθ
,1
ɪlθ,1
lθ
,2
θ
ɡ,1
mæθ,5
tɛl,5
ɹæθ,2
ɹɔθ,2
ɔθ
,1
suθ,2
jɹ̩l,2
foj,1
bɹu,2

kɪ,1
ɪŋʃ,1
ŋʃɪ,1
ɹdʃ,2
ɹdi,4
ənʃ,1
nʃɪ,1
ɹtn,1
tnɹ̩,1
nɹ̩ʃ,1
ɹ̩ʃɪ,3
tuɹ̩,2
uɹ̩d,2
ɹ̩dʃ,1
ɛdʃ,1
ɪp
,2
p
l,1
wɹ̩ʃ,4
ɹ̩ʃə,5
ɹ̩θʃ,1
θʃɪ,1
əpf,1
wɪk,18
duk,2
ukd,1
kdə,1
wpɛ,1
hɔɹ̩,1
ɔɹ̩ɛ,1
ɹ̩ɛd,1
lɪw,1
ɪwɪ,1
jnl,2
ndm,1
bæt,8
ɪdɔ,1
fud,2
ætu,2
tuo,1
ŋɡo,5
tɛt,3
tid͡ʒ,1
id͡ʒi,1
twe,1
wɪs,3
twɹ̩,3
wɪɡ,2
ɛtw,2
jla,1
wɪb,1
ɛnl,2
nɑs,3
nɛz,1
wmɑ,1
sni,3
snɔ,2
tsn,1
snɪ,4
ʌfə,1
næf,1
æfə,3
nʌd͡ʒ,1
ʌd͡ʒ
,2
nuo,1
sne,2
snɛ,2
nɪb,1
nʌb,1
ʌb
,2
ðɹ̩b,1
ɹ̩bi,1
bie,2
ble,5
lit͡ʃ,1
blɹ̩,17
ædɹ̩,1
lʌb,1
ʌbɹ̩,2
bɹ̩t͡ʃ,1
ɹ̩t͡ʃi,1
t͡ʃik,1
ikt,1
blo,4
wth,1
thɛ,1
lʌʃ,4
ʌʃ
,1
ʃɑɹ,8
ɑɹp,8
wdɹ̩,2
ŋɹ̩
,1
ɪd͡ʒj,1
d͡ʒjə,1
jv
,4
ɹʌt,2
imɹ̩,1
dɑl,1
ɑl
,1
tæf,2
æɡɹ̩,2
dəp,1
ɑzɪ,1
zɪt,2
tɪt͡ʃ,1
ʌnt͡ʃ,1
tʌb,4
tʌm,7
oww,1
wwɔ,1
wɔɹ̩,1
ɔɹ̩d,1
dfæ,1
tɔl,4
taw,8
ɹ̩di,5
ɹkd,3
kdd,1
ɑɹv,4
hʌŋ,2
ʌŋɡ,2
tip,3
θɹʌ,2
θɹɔ,4
θɹɛ,2
ɹɛt,4
ɛð
,1
ɪnt͡ʃ,3
æθ
,1
swɑ,3
wɑɡ,1
swæ,1
wæɡ,1
wɹ̩v,1
smu,2
muð,2
smʌ,2
mʌɡ,1
smɹ̩,1
smæ,1
mæk,3
smɑ,2
ədh,1
dhi,1
hiʒ,1
iʒə,1
næs,2
æmi,2
lɑɡ,1
lɑd,1
wut,1
lʌt,2
ɪpe,2
spæ,8
ænʃ,2
ɛpɑ,3
pɪl,1
pʌt,3
ɪpɹ̩,1
slæ,3
læp,1
æʃ
,2
ɡʌʃ,1
hʌʃ,2
pʊʃ,2
ɹpn,2
pnə,2
ɹɹ̩
,2
pæŋ,1
mæŋ,1
dæŋ,1
mʌm,1
ɡɹʌ,1
d͡ʒʌm,2
əŋɡ,1
ɡɹ̩i,1
wlɪ,5
ɛlɹ,1
lɹə,1
ækl,2
ɡʌt͡ʃ,1
θɪn,2
ɑbt,1
btu,1
tus,1
wil,2
kwɔ,4
jɔl,1
spɔ,2
ʃɹi,1
hɹ̩l,1
ɹ̩l
,1
kɹ̩l,1
bʌz,1
bʌs,3
ʌsə,1
dwɪ,1
dik,1
ikə,3
tid,3
m
w,2
tɹ̩v,2
ɹ̩vɛ,2
ndo,4
ndu,6
uko,1
wbo,1
əko,3
wno,1
æʃi,1
zɪm,1
ɹtɹ̩,2
bʌk,2
bkl,1
əvɑ,1
vɑn,2
jdɹ̩,1
wlv,1
lvo,1
wɹ̩m,1
sp
,1
jsp,1
əho,1
ɡəm,1
Æow,2
ɔsk,1
u
m,1
nəə,2
ɛt͡ʃd,1
usi,1
kss,2
ssk,2
kɹ̩d͡ʒ,1
w
ɛ,1
sko,9
wlə,3

hɑ,1
ɑni,3
əbθ,2
bθə,2
θə
,1
jpɹ̩,8
ʌtɪ,2
piɡ,1
iɡn,1
pɔn,1
lid͡ʒ,2
id͡ʒ
,1
fɑk,1
pʊl,3
ʊlə,2
pæv,1
ist͡ʃ,1
jpɛ,3
zɑf,2
ɑfɔ,2
ɔɹ̩ə,2
lto,2
ɛsk,10
skt,1
ɑlp,1
lpo,2
ʌlp,1
kup,3
up
,1
ʌmə,2
mət͡ʃ,1
ət͡ʃə,1
mɔ
,1
ipo,1
əwɛ,2
bɪw,1
ɪwɛ,1
ɡæm,1
lsɪ,1
lsɹ̩,1
wfə,1
nɡi,2
ɡin,2
ɛnd͡ʒ,7
ɑlɛ,1
nfʌ,2
əbu,1
bul,3
ɡɑɡ,1
ɑɡe,2
kuk,1
ukʌ,1
awl,1
ŋko,3
wmi,2
ɛfœ,1
fœm,1
œmi,1
pæɡ,1
æɡi,1
ɡí,1
ín,2
́nɑ,1
kʌp,2
ʌp
,1
nθɑ,1
θɑɹ,1
ɑɹə,1
ikɹ,3
ɛku,1
iko,2
ɪko,3
ɛpl,1
ədz,1
dɛb,1
ɛbɪ,1
dub,4
ito,2
ɹ̩ək,1
klɹ̩,4
lɹ̩k,1
əto,1
æbu,2
ɑle,1
wæs,3
æsa,1
jto,1
wtʌ,1
ɪkʊ,1
kʊɹ,1
ɛɡu,1
ɡul,2
lə
,1
mpu,1
put,4
uto,1
sub,1
pɛɹ̩,1
ɛɹ̩ɪ,1
ɹ̩ɪk,1
ɪɹɑ,1
ɹvə,2
ædɑ,1
kɪɹ,1
ɪɹk,1
ɛsb,1
sbə,1
ɛd͡ʒi,1
fəɡ,1
bit͡ʃ,1
əkɪ,1
kɪf,2
kɪp,1
jɹɛ,1
flb,1
lbo,1
lim,1
wvi,1
nə
,2
bif,1
vit͡ʃ,1
it͡ʃu,1
t͡ʃul,2
uli,6
vil,2
piœ,1
iœn,1
œna,1
jtɛ,1
ŋkt͡ʃ,2
t͡ʃuɛ,2
uɛɹ,3
tio,3
pɹ̩k,2
ɹ̩kw,1
pɹ̩t͡ʃ,4
æŋw,1
ŋwɪ,1
ɪlɑ,3
lɑn,2
sul,1
ulɛ,1
jlɛ,1
eji,2
wsn,1
ila,2
jml,2
dɑn,1
əbɑ,1
æpʌ,1
pʌm,1
ʃɑm,1
mɹ̩ɪ,1
θəs,1
əsɔ,1
sud,2
udo,1
ɡɔd,2
ɔdi,2
æla,2
ɑlɡ,1
lɡə,1
t͡ʃaw,2
əd͡ʒu,1
uvo,1
ævʌ,1
vʌm,1
flɑ,1
ksɹ,1
sɹp,1
ɹpo,1
ɹæə,1
æəl,1
lʌt͡ʃ,1
iɡo,2
koj,2
ɛvɛ,1
ɔd͡ʒi,1
d͡ʒio,3
ɑnɛ,1
ænu,1
nui,1
lɑb,2
ɑbɑ,1
tiə,5
ɹʃɹ̩,1
bɪθ,1
ɪθ
,1
ɹɡɑ,1
ɑɹɛ,1
ɹɡɹ̩,1
ɡɹ̩ɪ,1
ɹɡɪ,1
ɡɪt,1
mɛɡ,1
pɛɡ,1
ɹ̩iə,3
mæl,7
mɔk,2
ɔks,2
æθæ,1
θæʌ,1
æʌs,1
æθj,1
θju,1
ɑɹθ,4
ɹθə,1
lil,1
ilm,1
ɪlh,1
lhɪ,1
ɪlm,1
d͡ʒɪɹ,1
wlɑ,1
lɑm,1
awm,1
iəf,1
d͡ʒʌl,1
ʌla,1
d͡ʒul,1
ula,1
wsl,1
ɔɹt͡ʃ,10
ɹt͡ʃə,10
ɹ̩sl,2
jdo,2
ɹ̩sɪ,1
ɪɹ̩u,2
ɹ̩uk,2
ukə,1
ɡɪm,3
mbæ,2
lɹ̩ɪ,2
jlk,1
lks,2
kɪk,1
kʃɔ,1
ʃɔz,1
ɪsf,5
sfɪ,3
njɹ̩,3
ɛɹn,1
bə
,1
ɛlo,5
ʊds,1
dsp,2
ɑds,2
ktɑ,1
spj,1
ɛɹæ,1
ɹæz,1
jvl,2
viɡ,1
ɛmj,1
jmɛ,2
ɪɡ
,1
dɹ̩ɹ̩,1
tɹ
,1
s
l,1
ɛkl,3
nzə,1
mɑt,2
ɑta,1
ɛzm,1
zmɹ̩,1
mɹ̩e,2
ʌbd͡ʒ,3
bd͡ʒɪ,3
ɛpʃ,5
t͡ʃí,2
íl,2
́ld,1
jí,1
íd,1
́də,2
ák,3
́kt,4
ktɛ,1
ió,9
óɪ,1
́ɪl,1
ɪls,1
ló,6
óv,4
́vɹ̩,2
kó,3
óf,3
́fɹ̩,1
fɑi,1
ɑí,1
íɹ,1
́ɹɹ̩,1
ɛfo,1
fó,1
óɹ,2
́ɹi,1
zie,1
ié,8
éə,1
́əl,1
ɛfu,1
fú,2
úl,2
́ln,1
ód,3
mie,1
ék,1
́kl,1
áɹ,5
́ɹt,3
ɛfa,5
ɛɡe,1
ɡé,1
́ti,2
biz,1
ize,1
zé,1
éɛ,1
́ɛm,1
tó,1
́dʌ,2
ká,4
án,3
́nt,8
die,1
és,5
́sk,1
én,8
ém,2
́mɛ,1
ɹá,5
ón,4
ɛli,5
lí,3
ít,1
́t
,1
ɹ̩fu,1
úm,1
́mi,2
́na,1
lá,2
áb,3
́ba,1
fá,2
áv,2
́vɔ,2
vɔɹ̩,2
n
o,1
jui,2
uí,2
́lo,2
jua,2
uá,2
ál,1
ɔlo,1
iá,8
át,6
́tə,1
bii,1
ií,3
íb,2
́bə,1
́ni,2
niʃ,1
ám,3
́mb,1
ás,2
́sɑ,1
sɑk,1
́tɹ̩,4
owu,2
wú,2
úɹ,4
́ɹe,2
́st,3
wí,1
íɛ,1
́ɛt,1
áŋ,1
́ŋk,2
biu,1
iú,1
út,3
pɹ̩i,1
ɹ̩í,1
ís,6
́sa,2
áp,2
́pi,2
æpe,1
pé,2
ée,1
́ej,1
éæ,2
́æl,1
æte,1
té,3
́nd,4
áj,1
́ju,1
n
e,1
éɹ,2
ún,2
́vɛ,1
́mn,1
áɡ,1
́ɡɑ,1
ɡɑn,1
jt͡ʃy,1
t͡ʃý,1
ýs,1
́sɪ,1
ɛsp,2
pá,1
óm,1
́mə,1

æs,1
æsu,1
sú,3
́ɹæ,1
áʃ,4
́ʃə,4
́ɹd͡ʒ,2
ɹd͡ʒə,1
́nʃ,1
óʌ,1
́ʌn,1
́ɹm,1
ɹmɑ,1
mɑm,1
ím,2
́mɪ,2
él,1
́lɛ,1
ɹó,2
óp,1
́pɑ,1
pɑɡ,1
ní,2
ív,2
́væ,1
wá,2
áɪ,1
́ɪn,1
ɑmu,1
mú,3
́lɡ,1
lɡe,1
jfa,1
́bɹ̩,1
vii,1
ík,1
ktɔ,1
ɔɹ̩i,1
i
ɛ,2
ɛsu,2
úb,1
́bs,3
ɛle,1
lé,2
éd͡ʒ,1
́d͡ʒɪ,1
jt͡ʃe,1
t͡ʃé,1
́æt,1
kí,1
íp,1
́pl,1
sá,1
́mp,1
l
ɛ,3

ɛp,1
pí,1
́sə,1
́nɪ,2
́tʊ,1
dá,1
ɑme,1
wie,1
éi,2
æɡɑ,1
ɡɑz,1
ɑzi,1
zí,1
tú,1
vɹ̩k,1
ɹ̩ka,1
ɹd͡ʒ
,1
́ɹo,1
owɡ,1
wɡe,1
əmu,1
spu,4
pú,2
́te,2
dii,1
́sp,2
dí,1
tí,2
́sɛ,2
dve,1
ɹta,1
jzm,1
zmə,3
ɛnʌ,3
nʌl,4
lva,1
vá,1
ɹ̩tɹ,3
tɹb,1
bá,1
ók,1
́kʃ,1
ɪka,1
́tɔ,1

á,1
mik,1
wmu,1
ús,1
kso,1
só,1
́ɹa,1

vɔ,1
ɔlu,1
lú,1
út͡ʃ,1
́t͡ʃə,1

pu,1
pus,1
́vɪ,1
nd͡ʒm,1
ælo,1
́ft,2
wt͡ʃe,2
jɪk,2
jt͡ʃo,1
t͡ʃó,1
ól,1
́la,1
fta,1
pʊɹ,1
dɹe,4
jvɪ,2
jɹ
,5
ɡla,3
ʌtm,2
tmo,2
ʌŋs,1
ŋst,1
wsd,2
sɹ̩s,2
ɹ̩sa,2
jt͡ʃœ,1
t͡ʃœb,1
œbʌ,1
bim,1
sʌð,2
nsl,2
bti,1
ɪmf,3
mfs,2
vɹ̩z,5
ɪlv,2
lvɹ̩,1
wɑð,1
ɑðz,1
ðz
,2
ʌks,1
bæθ,1
æθs,1
θs
,2
əsw,2
kæð,1
juɹ,1
wəm,9
isf,2
hɹ̩m,1
təd͡ʒ,2
ɡaw,2
mɔs,2
ɔsi,1
ʃu
,3
ɹ̩aw,4
θɪð,1
lɔf,1
ɪpɔ,1
skl,1
ɛko,2
is
,5
fʌz,1
ʌzd,1
hɑl,2
hɹ̩d,4
d͡ʒow,3
umʌ,1
lt͡ʃu,1
ɪʃu,1
ʃuɪ,1
θɹ̩o,1
wfɛ,1
ɡlɹ̩,1
əno,1
ləd,4
əlb,1
lbj,1
jɹz,1
ɹθs,1
mɹ̩v,1
mæt͡ʃ,1
æt͡ʃl,1
t͡ʃlə,1
dla,1
ɔɹk,1
wɹ̩ɪ,1
ɛls,2
ɡnd,3
ɹɪt͡ʃ,10
flw,2
lwʌ,2
wʌs,2
kd
,1
t͡ʃæp,1
æpm,1
pmə,1
wmɹ̩,1
wɛθ,1
ɹiɪ,2
isa,1
wp
,5
pɔz,2
ksθ,1
v
v,1
ɹiθ,3
ði
,2
uɪs,3
niθ,4
wlz,2
ɛsl,2
pia,1
bso,1
wlu,1
áw,2
́wa,2
́sɹ̩,1
íf,1
́fe,1
ɔá,1
itɹ,4
nt͡ʃt,1
dio,1
ód͡ʒ,1
́d͡ʒi,1
́ɹl,1
ɹla,1
óə,1
́əd,1
ɹé,1
́vi,1
bsɛ,1
ɡɹ̩e,1
ɹ̩é,1
́i
,1
íŋ,1
Íɹ,2
́ɹɪ,2
æt͡ʃi,1
t͡ʃiv,1
ɡlʌ,1
twɑ,1
əse,3
ʃ
v,1
əlœ,1
lœf,1
œfɑ,1
ɪnɛ,2
ʌlʃ,1
lʃə,1
əvɹ,3
vɹɪ,3
ɪʃi,1
ʃɪz,14
u
ɹ,2
pɹ̩z,5
bɹɑ,2

pʌ,3
ænd͡ʒ,9
ɹuz,6
əmɔ,7
i
j,1
ɹnj,11
jə
,4
ɪt͡ʃɹ̩,6
ɹt͡ʃɹ̩,2
ʃɪɡ,4
ɪɡə,4

ɛd,3
ɛdw,2

ht,2
wid,3
unj,2

əs,2
lɑf,1
dva,1
jzɹ̩,1
zɹ̩i,4
ɑʃɪ,1
ɪŋt,1
ŋtə,1

bɛ,4
d͡ʒəm,2
kə
,1

lu,2
ɛdv,1
dvo,1
inθ,7
bɹʊ,1
i
d͡ʒ,2
lɪf,1
əlʌ,1
mbi,1
biə,3
i
ɑ,2
ɹθɹ̩,2
idm,1
ʃək,1
ɑɡo,1
w
s,1
ɪso,1
ə
ɹ̩,2

ɹ̩n,1
ɔsn,1
snɹ̩,1
ðɹ̩l,1
ɔlð,3
lðo,3
tɹ̩ɛ,1
jdɛ,1
æta,5
jəɡ,1
f
ʌ,1
t
o,1
vɹ̩f,1
ɹ̩fe,1
ɹuɹ,1
uɹi,1

d͡ʒæ,1
d͡ʒæn,1
juɛ,1
iɑd,1
ɑdɪ,2
l
w,2
bɑz,2
ɑzw,2
zwɛ,2
dul,1
ɹ̩na,1
wfa,2
ɹnd,2
dɹ̩v,1
ɹ̩væ,1
iəθ,2
d
o,3
θɹ̩z,3
ɹ̩
ɑ,1
ɡlo,4
stn,1
vɪk,1
luʒ,2
ðɹ̩d,1
fɹ̩ɪ,2
ɹ̩se,2

bɑ,1
hʌn,1
ʊts,1
nɹ̩t,1
pʊd,1
ʊdɪ,1
ɪŋm,1
ŋmo,1
f
æ,3
u
s,2
ɹ̩to,1
w
f,1
ojɪ,2
jɹə,4
mɹ̩æ,2
ɹ̩æl,2
ejf,6
mɪm,1
əpa,1
s
θ,1
θɪɹ,1
sɹ̩f,1
ɛlɹ̩,2
ʃæk,1
ætm,1
ʌln,1
iθɹ̩,1
hɑt,1
tim,2
ʊtb,1
tbɔ,1
bɔl,1
ɪfn,1
fnə,1
θsɛ,1
ð
t,1
tsɹ̩,1
jzw,1
zwɪ,1
ibɑ,1

kɔ,2
k
ɹ,1
lɔɡ,1
dna,1
dəv,3
d͡ʒəw,3
l
ə,2
sɹ̩ʃ,1
ʊkɪ,1
nsm,4
dɔɡ,1
ɔɡd,1
wnɹ,1
nɹa,1
fʌŋ,1
ɪvɑ,1
ɪŋl,1
ənj,1
stm,1
t͡ʃ
j,1
ɹ̩sæ,1
ɑpɪ,1
itɛ,1
nɑv,3
jmd,2
jəd,1
sɡa,2

ɔt,1
k
ɡ,1

ɡʊ,1
ɪhu,1
huv,1
uvz,1
ima,1
ɹ̩
t͡ʃ,1
ɑbl,1
uθs,1
s
ɑ,1
ɡnɔ,1
ɹ̩ɛs,1
ə
ʃ,1

ʃɑ,1
ɹpə,2
kəɡ,2
dil,1
ə
i,1
u
ɡ,1
ɪze,1
zej,1
ɛnθ,4
bɹ
,1
ɹ
æ,3
st͡ʃi,1
t͡ʃiæ,1
iæn,1
zəɡ,1
jtm,2
pæk,2
ɡɪf,3
idð,1
jtθ,1
sfæ,3
pæɹ,1
jpl,1
lsi,3
ɹlz,5
ɹdl,2
wtw,1
ədɹ,6
ə
ʌ,1
jsu,1
pɹ̩b,1
b
æ,1
mpæ,1
wɑd͡ʒ,1
ɹmɔ,1
t͡ʃu
,2
u
ʌ,1

pɪ,1
pɪt͡ʃ,2
əbd,1
bdu,1
dud,1
ɪtɔ,1
ubɪ,1
ɹ̩
ɛ,1
ɹtɛ,2
jθ
,1
əfɑ,2
mbʊ,2
ejɹ,3
sɪʒ,2
ɹ̩vɹ̩,3
lθf,2
wbi,2
sɑv,4
ɑvɹ,4
vɹe,3
smj,2
ɹde,2
ɑmz,2
piz,3
tiɛ,1
ɹkɔ,1
n
j,2
bɹ̩k,1
ɹ̩kl,1
dɑd,1
dsl,1
ʌlɪ,1
lmɔ,1
ɹ̩no,3

md,1
mdk,1
dkk,1
kks,1
ksl,1
ɹ̩u
,1
wɑt͡ʃ,3
t
ɹ̩,2

ɹ̩s,1
wɑv,1
ɑvɹ̩,1
ɛt͡ʃɹ,2

ʃʌ,1
ʃʌn,2

ɹu,1
ɛsd,4
sd
,4
ful,2
t
i,1
ɛt͡ʃw,1
t͡ʃwə,1
ɹ̩əd͡ʒ,1
it͡ʃm,1

bb,1
bbʌ,1
jdw,1
dwæ,1
ʌfa,1
hip,2
ipd,1
jft,1
mæd,2
t͡ʃut,1
væs,1
ʌt͡ʃd,1
ʌmɹ̩,2

θo,1
əsk,1
ltɹ,1
tɹz,1
ɹ̩in,2
hiθ,1
ɛnv,5
ʌpb,1
pbɹ,1
oj
,4
j
ɛ,1
ɪt͡ʃə,3

nu,5
ʌsl,1
ɪvɹ,2
plʌ,3
ɛtk,1
ɛnɹ,4
nɹə,4
duɹ,2
jpɪ,2
θ
w,1
ɪɹf,1
ɑtl,1
æpɪ,1
knd,1
ʌʃd,1
ɹnɹ̩,1
əbe,2
ume,1
nwi,1
ldi,1
fæv,3
ævɹ,3
vɹa,4
ɛne,4
ʌd͡ʒd,1
wʊu,1
ʊul,1
uld,1
b
d,1

dɑ,1
tɔn,1
j
t,2
u
ð,2
wbz,1
ɑzl,1
nud,1
bɹd,4

əθ,1
əθɹ̩,1
θɹ̩s,1
væp,1
æpɹ̩,1

he,1
dɑɡ,1
tsm,1

pɔ,4
ɔɹz,3
əpɹ̩,1
wkd,1
kɪt͡ʃ,1
ɑkʃ,1
fit͡ʃ,2
pil,1
l
θ,1
ulɪ,2
ʌpə,1
jbz,2
ptɛ,1
ʊlb,1
lbl,1
wɹz,4
nɑd,1

tɪ,6
nɹɛ,1
əbm,1
bmɪ,1
nsð,1
kin,1
iɪɹ,1
its,3
ɔɛf,1
əɡʒ,2
ɡʒɹ̩,3
ʒɹ̩i,3
n
ʃ,2

ʃæ,1
lsz,2
ɪvs,1
vst,1
jfɹ̩,1
dlɔ,1
bæŋ,1
ɪnɔ,1
sfɔ,2
w
w,3
ɹuə,1
ɡʌl,2
ʌlf,2
lfs,2
wæt,1
ætf,1
əsæ,1
sæs,1
ksd,1
mɹ̩d,1
ɹ̩dɹ̩,1
ntw,1
əlɡ,1
wɛŋ,1
nθu,2
θuz,2
uzi,2
ziæ,2
iæs,1
fiv,1
n
ɹ̩,1
bæk,1
d
ɑ,1
ɪlʌ,1
θ
j,1
t
n,4
slɑ,1
lɑθ,1
ɑθs,1
fɑp,1
nko,1
d
j,1
ɹ̩sd,1

dn,1
əwa,1
inl,1
diæ,1
iæt,1
æts,1
lɪl,1
lɛo,1
ɛow,1
dim,2
æpd,1
əsd,3
ɛlj,1
nd͡ʒf,1
d͡ʒfə,1
inɹ̩,1
d͡ʒɹ̩ə,1
ʃɑk,1
ɑk
,3
k
ɹ̩,1
p
b,1


θ,2
ɹiu,1
ium,1
umf,1
θæŋ,1
ɡəz,1
zɛt,1
jub,1
m
j,1
ɹɡæ,1
ɡæɡ,1
æɡd,1
nds,1
dsa,1
iθs,2
ɹ̩læ,2
ʌni,3
ɹ̩
ɹ̩,1
wme,1
ptɹ̩,1
ʌʃə,1
ɪho,1
sɹ̩a,1
ɪt͡ʃu,2
n
ɑ,1
mɑs,1
ɑsk,1
ɑθɪ,1
wlɹ̩,1
fæm,1
lmz,2
ʌʃɪ,1
mɪz,3
mnd,1
əbv,1
bvɹ̩,1
dɛs,1
ɹtɹ,2
ədɔ,3
ɔlk,1
pɹ̩ʒ,1
ʒəz,1
bəv,2
əvɛ,2
zɹ̩k,1
ɹvz,1
ɹiæ,2
iæd,2
ædz,2
ædn,2
æʃɪ,1
knz,1
lɑp,1
ɑd
,1
u
æ,1
ʌkl,1
ʌmɪ,4
t͡ʃɛs,1
ɛsɑ,1
sɑɹ̩,1
ɑɹ̩i,1

ʃɔ,1
bik,1
owe,1
hʌs,1
ʌsɹ̩,1
bæf,1
m
h,2
ɹ̩ɪʒ,1
ilz,2
hʌv,1
j
ɪ,2
fts,2
ɔtʌ,2
ʌmn,3
lʌɡ,1
ʌɡʒ,1
suð,1
uðɪ,1
ðɪŋ,1
unf,1
pɹ̩v,2
ɹ̩vi,1
ɪtn,1
ɹfi,1
fiə,1
ŋɡɹ,1
fɔn,1
ɔnɪ,1
nis,1
pæm,2
pɹ̩d,1
ɡæθ,1
æθɹ,1
ɑt͡ʃf,1
t͡ʃfə,1
ɛt͡ʃə,2
sid͡ʒ,1
ɡəd͡ʒ,1
ɑfɹ̩,1
pɪʃ,2
m
b,1

bl,3
ɑnʃ,1
ɛvn,1
læɡ,2
æɡɪ,1
ɡɪŋ,1
ɹnz,1
biɹ,1
sɹ̩e,1

jɪ,1
suz,1
d͡ʒ
s,1
æɡz,1
vɛt,1
d͡ʒ
t,1
ili,2
ɪta,1
jfs,1
ɹlb,1
lbɹ,1
wtɑ,1
tɑd͡ʒ,1
w
æ,1
vlɹ̩,1
s
b,2
s
j,1
ɛdl,1
ɹ̩zd,1
ɛzd,1
ŋ
j,1

ji,1
ips,1
ɹɑl,1
hid,2
wkl,1
ɑbd͡ʒ,6
ɹkl,1
jɹɹ̩,1
jkɹ,1

nʌ,5
tuz,3
zdi,1
jpɹ,1
zde,2
mnɪ,2
jd͡ʒɹ̩,1
ɹt͡ʃɹ,1
t͡ʃɹɪ,1
ɹbo,1
vɹ̩ɡ,1
ɹ̩ɡ
,1
v
f,1
ɪmu,2
v
l,1
l
a,1
ɪɡl,1
jmɹ,1
mɹk,1
ʊɹd,1
t͡ʃip,1
ɪsɔ,1
dɹ̩ə,2
w
ʃ,1
iæz,1
æzə,1
zɛf,1
ŋ
n,3
sɹ̩ɛ,1
ɪd͡ʒo,1
nd͡ʒo,3
sɪt͡ʃ,1
uzm,2
iɡe,1
lɛm,1
u
h,1
ɹʊɹ,1
tæv,1
kwp,1
wpw,1
pwz,1
ikɔ,1
m
ə,1
imɛ,1
ɔɹɹ̩,1
əva,1
j
ɑ,1

de,1
d͡ʒɹ̩
,1

əf,2
ɪdɑ,2
ɪmɹ̩,2
mɹ̩d͡ʒ,1
ælɛ,1
vɛd͡ʒ,1
ɛd͡ʒt,1
d͡ʒtə,1
tiɡ,1
f
ə,1
wpt,1
ŋɡu,1
ɡuʃ,1
ð
n,1
ipɹ̩,1
buk,2
uke,2
kto,1
wbɹ̩,1
mil,1
liɪ,1
ɪpo,1
ilə,1
ləz,1
ɡna,1
ɹtf,1
wnf,1
mpɪ,1
ɹnə,1
ɪzn,3
znə,3
næɹ,5
ajɑ,6
jɑɡ,6
nzæ,1
ɹ̩ts,1
t͡ʃəd,1
ədn,1
nəd͡ʒ,1
əd͡ʒm,1
jps,1
dvɛ,2
idf,1
dɹ̩f,1
tɛɡ,1
ɛɡɹ,1
t͡ʃ
p,1
θəə,1
əən,1
kud͡ʒ,1

ɑl,1
ɹət͡ʃ,1
ət͡ʃɹ,1
t͡ʃɹi,1
dmɹ̩,1
jɹ̩ɹ̩,1
ɹ̩ɹ̩z,1
ælʌ,2
ivɑ,1
lvɪ,1
ləŋ,1
kθə,1
ɪhe,1
jvi,2
viɹ̩,1

pɛ,1
dəɡ,1
f
o,1
vɹ̩p,2
ɹ̩pe,1
lɹ̩b,2
usn,1
t͡ʃ
b,1
ɛɡɹ̩,1
ɡɹ̩z,1
l
d͡ʒ,1
mni,1
p
ð,1

ɹ̩ɪ,1
ɹ̩pa,1
sil,1
ɪd͡ʒɹ,1
d͡ʒɹɪ,1
bɹ̩
,1
ɔɡʌ,4
ɡʌs,4
ækm,1
kmɔ,1
iho,1
kɑb,1
jɪi,4
kno,1
əf
,1
t͡ʃɹ̩ɹ̩,1
nɔs,1
θej,1
tɹ̩ɑ,1
ænm,1
nmɹ̩,1
æml,1
ɹ̩ə
,1
tɑm,4
pɹ̩n,1
lst,1
mʊɹ,1
ldm,1
jnw,1
nwɛ,1
d͡ʒɛl,1
ɹiɹ,1
iɹɪ,1
ɪʃɹ̩,1
blv,2
bɹ̩ʃ,2
b
b,1
ksf,1
ɪfo,1

tɑ,1
awʌ,1
wʌð,1
ɔɹu,1
ɹun,1
dæs,1
siɹ̩,1

ɹk,1
{ðə,4
